<?xml version="1.0" encoding="UTF-8"?>
<!DOCTYPE score-partwise PUBLIC "-//Recordare//DTD MusicXML 3.0 Partwise//EN" "http://www.musicxml.org/dtds/partwise.dtd">
<score-partwise>
  <identification>
    <encoding>
      <software>MuseScore 2.1.0</software>
      <encoding-date>2018-01-01</encoding-date>
      <supports element="accidental" type="yes"/>
      <supports element="beam" type="yes"/>
      <supports element="print" attribute="new-page" type="yes" value="yes"/>
      <supports element="print" attribute="new-system" type="yes" value="yes"/>
      <supports element="stem" type="yes"/>
      </encoding>
    </identification>
  <defaults>
    <scaling>
      <millimeters>7.05556</millimeters>
      <tenths>40</tenths>
      </scaling>
    <page-layout>
      <page-height>1683.78</page-height>
      <page-width>1190.55</page-width>
      <page-margins type="even">
        <left-margin>56.6929</left-margin>
        <right-margin>56.6929</right-margin>
        <top-margin>56.6929</top-margin>
        <bottom-margin>113.386</bottom-margin>
        </page-margins>
      <page-margins type="odd">
        <left-margin>56.6929</left-margin>
        <right-margin>56.6929</right-margin>
        <top-margin>56.6929</top-margin>
        <bottom-margin>113.386</bottom-margin>
        </page-margins>
      </page-layout>
    <word-font font-family="FreeSerif" font-size="10"/>
    <lyric-font font-family="FreeSerif" font-size="11"/>
    </defaults>
  <part-list>
    <score-part id="P1">
      <part-name>Piano, Grand Piano</part-name>
      <part-abbreviation>Pno.</part-abbreviation>
      <score-instrument id="P1-I1">
        <instrument-name>Piano</instrument-name>
        </score-instrument>
      <midi-device id="P1-I1" port="1"></midi-device>
      <midi-instrument id="P1-I1">
        <midi-channel>1</midi-channel>
        <midi-program>1</midi-program>
        <volume>78.7402</volume>
        <pan>0</pan>
        </midi-instrument>
      </score-part>
    </part-list>
  <part id="P1">
    <measure number="1" width="162.54">
      <print>
        <system-layout>
          <system-margins>
            <left-margin>0.00</left-margin>
            <right-margin>0.00</right-margin>
            </system-margins>
          <top-system-distance>70.00</top-system-distance>
          </system-layout>
        </print>
      <attributes>
        <divisions>1</divisions>
        <key>
          <fifths>1</fifths>
          </key>
        <time>
          <beats>3</beats>
          <beat-type>4</beat-type>
          </time>
        <clef>
          <sign>F</sign>
          <line>4</line>
          </clef>
        </attributes>
      <direction placement="above">
        <direction-type>
          <metronome parentheses="no">
            <beat-unit>quarter</beat-unit>
            <per-minute>165</per-minute>
            </metronome>
          </direction-type>
        <sound tempo="165"/>
        </direction>
      <note>
        <rest/>
        <duration>1</duration>
        <voice>1</voice>
        <type>quarter</type>
        </note>
      <note default-x="112.12" default-y="-5.00" dynamics="55.56">
        <pitch>
          <step>G</step>
          <octave>3</octave>
          </pitch>
        <duration>1</duration>
        <voice>1</voice>
        <type>quarter</type>
        <stem>down</stem>
        </note>
      <note default-x="136.53" default-y="0.00" dynamics="57.78">
        <pitch>
          <step>A</step>
          <octave>3</octave>
          </pitch>
        <duration>1</duration>
        <voice>1</voice>
        <type>quarter</type>
        <stem>down</stem>
        </note>
      </measure>
    <measure number="2" width="106.67">
      <note default-x="12.00" default-y="5.00" dynamics="60.00">
        <pitch>
          <step>B</step>
          <octave>3</octave>
          </pitch>
        <duration>1</duration>
        <voice>1</voice>
        <type>quarter</type>
        <stem>down</stem>
        </note>
      <note default-x="43.02" default-y="15.00" dynamics="55.56">
        <pitch>
          <step>D</step>
          <octave>4</octave>
          </pitch>
        <duration>1</duration>
        <voice>1</voice>
        <type>quarter</type>
        <stem>down</stem>
        </note>
      <note default-x="74.04" default-y="10.00" dynamics="57.78">
        <pitch>
          <step>C</step>
          <octave>4</octave>
          </pitch>
        <duration>1</duration>
        <voice>1</voice>
        <type>quarter</type>
        <stem>down</stem>
        </note>
      </measure>
    <measure number="3" width="122.31">
      <attributes>
        <clef>
          <sign>G</sign>
          <line>2</line>
          </clef>
        </attributes>
      <note default-x="44.04" default-y="-50.00" dynamics="60.00">
        <pitch>
          <step>C</step>
          <octave>4</octave>
          </pitch>
        <duration>1</duration>
        <voice>1</voice>
        <type>quarter</type>
        <stem>up</stem>
        </note>
      <note default-x="69.60" default-y="-40.00" dynamics="55.56">
        <pitch>
          <step>E</step>
          <octave>4</octave>
          </pitch>
        <duration>1</duration>
        <voice>1</voice>
        <type>quarter</type>
        <stem>up</stem>
        </note>
      <note default-x="95.15" default-y="-45.00" dynamics="57.78">
        <pitch>
          <step>D</step>
          <octave>4</octave>
          </pitch>
        <duration>1</duration>
        <voice>1</voice>
        <type>quarter</type>
        <stem>up</stem>
        </note>
      </measure>
    <measure number="4" width="98.67">
      <note default-x="12.00" default-y="-45.00" dynamics="60.00">
        <pitch>
          <step>D</step>
          <octave>4</octave>
          </pitch>
        <duration>1</duration>
        <voice>1</voice>
        <type>quarter</type>
        <stem>up</stem>
        </note>
      <note default-x="27.67" default-y="-30.00" dynamics="55.56">
        <pitch>
          <step>G</step>
          <octave>4</octave>
          </pitch>
        <duration>1</duration>
        <voice>1</voice>
        <type>quarter</type>
        <stem>up</stem>
        </note>
      <note default-x="56.19" default-y="-35.00" dynamics="57.78">
        <pitch>
          <step>F</step>
          <alter>1</alter>
          <octave>4</octave>
          </pitch>
        <duration>1</duration>
        <voice>1</voice>
        <type>quarter</type>
        <stem>up</stem>
        </note>
      </measure>
    <measure number="5" width="130.08">
      <note default-x="12.00" default-y="-30.00" dynamics="60.00">
        <pitch>
          <step>G</step>
          <octave>4</octave>
          </pitch>
        <duration>1</duration>
        <voice>1</voice>
        <type>quarter</type>
        <stem>up</stem>
        </note>
      <note default-x="53.19" default-y="-45.00" dynamics="55.56">
        <pitch>
          <step>D</step>
          <octave>4</octave>
          </pitch>
        <duration>1</duration>
        <voice>1</voice>
        <type>quarter</type>
        <stem>up</stem>
        </note>
      <attributes>
        <clef>
          <sign>F</sign>
          <line>4</line>
          </clef>
        </attributes>
      <note default-x="97.77" default-y="5.00" dynamics="57.78">
        <pitch>
          <step>B</step>
          <octave>3</octave>
          </pitch>
        <duration>1</duration>
        <voice>1</voice>
        <type>quarter</type>
        <stem>down</stem>
        </note>
      </measure>
    <measure number="6" width="98.67">
      <note default-x="12.00" default-y="-5.00" dynamics="60.00">
        <pitch>
          <step>G</step>
          <octave>3</octave>
          </pitch>
        <duration>1</duration>
        <voice>1</voice>
        <type>quarter</type>
        <stem>down</stem>
        </note>
      <note default-x="40.36" default-y="0.00" dynamics="55.56">
        <pitch>
          <step>A</step>
          <octave>3</octave>
          </pitch>
        <duration>1</duration>
        <voice>1</voice>
        <type>quarter</type>
        <stem>down</stem>
        </note>
      <note default-x="68.71" default-y="5.00" dynamics="57.78">
        <pitch>
          <step>B</step>
          <octave>3</octave>
          </pitch>
        <duration>1</duration>
        <voice>1</voice>
        <type>quarter</type>
        <stem>down</stem>
        </note>
      </measure>
    <measure number="7" width="128.81">
      <note default-x="12.00" default-y="10.00" dynamics="60.00">
        <pitch>
          <step>C</step>
          <octave>4</octave>
          </pitch>
        <duration>1</duration>
        <voice>1</voice>
        <type>quarter</type>
        <stem>down</stem>
        </note>
      <attributes>
        <clef>
          <sign>G</sign>
          <line>2</line>
          </clef>
        </attributes>
      <note default-x="55.31" default-y="-45.00" dynamics="55.56">
        <pitch>
          <step>D</step>
          <octave>4</octave>
          </pitch>
        <duration>1</duration>
        <voice>1</voice>
        <type>quarter</type>
        <stem>up</stem>
        </note>
      <note default-x="86.55" default-y="-40.00" dynamics="57.78">
        <pitch>
          <step>E</step>
          <octave>4</octave>
          </pitch>
        <duration>1</duration>
        <voice>1</voice>
        <type>quarter</type>
        <stem>up</stem>
        </note>
      </measure>
    <measure number="8" width="106.67">
      <direction placement="above">
        <direction-type>
          <metronome parentheses="no">
            <beat-unit>quarter</beat-unit>
            <per-minute>165</per-minute>
            </metronome>
          </direction-type>
        <sound tempo="165"/>
        </direction>
      <note default-x="12.00" default-y="-45.00" dynamics="60.00">
        <pitch>
          <step>D</step>
          <octave>4</octave>
          </pitch>
        <duration>1</duration>
        <voice>1</voice>
        <type>quarter</type>
        <stem>up</stem>
        </note>
      <note default-x="43.02" default-y="-50.00" dynamics="55.56">
        <pitch>
          <step>C</step>
          <octave>4</octave>
          </pitch>
        <duration>1</duration>
        <voice>1</voice>
        <type>quarter</type>
        <stem>up</stem>
        </note>
      <note default-x="74.04" default-y="-55.00" dynamics="57.78">
        <pitch>
          <step>B</step>
          <octave>3</octave>
          </pitch>
        <duration>1</duration>
        <voice>1</voice>
        <type>quarter</type>
        <stem>up</stem>
        </note>
      </measure>
    <measure number="9" width="122.77">
      <attributes>
        <clef>
          <sign>F</sign>
          <line>4</line>
          </clef>
        </attributes>
      <note default-x="44.50" default-y="0.00" dynamics="60.00">
        <pitch>
          <step>A</step>
          <octave>3</octave>
          </pitch>
        <duration>1</duration>
        <voice>1</voice>
        <type>quarter</type>
        <stem>down</stem>
        </note>
      <note default-x="70.06" default-y="5.00" dynamics="55.56">
        <pitch>
          <step>B</step>
          <octave>3</octave>
          </pitch>
        <duration>1</duration>
        <voice>1</voice>
        <type>quarter</type>
        <stem>down</stem>
        </note>
      <note default-x="95.61" default-y="-5.00" dynamics="57.78">
        <pitch>
          <step>G</step>
          <octave>3</octave>
          </pitch>
        <duration>1</duration>
        <voice>1</voice>
        <type>quarter</type>
        <stem>down</stem>
        </note>
      </measure>
    <measure number="10" width="141.50">
      <print new-system="yes">
        <system-layout>
          <system-margins>
            <left-margin>0.00</left-margin>
            <right-margin>0.00</right-margin>
            </system-margins>
          <system-distance>150.00</system-distance>
          </system-layout>
        </print>
      <note default-x="65.67" default-y="-10.00" dynamics="60.00">
        <pitch>
          <step>F</step>
          <alter>1</alter>
          <octave>3</octave>
          </pitch>
        <duration>1</duration>
        <voice>1</voice>
        <type>quarter</type>
        <stem>down</stem>
        </note>
      <note default-x="90.41" default-y="-5.00" dynamics="55.56">
        <pitch>
          <step>G</step>
          <octave>3</octave>
          </pitch>
        <duration>1</duration>
        <voice>1</voice>
        <type>quarter</type>
        <stem>down</stem>
        </note>
      <note default-x="115.16" default-y="0.00" dynamics="57.78">
        <pitch>
          <step>A</step>
          <octave>3</octave>
          </pitch>
        <duration>1</duration>
        <voice>1</voice>
        <type>quarter</type>
        <stem>down</stem>
        </note>
      </measure>
    <measure number="11" width="96.23">
      <note default-x="12.00" default-y="-5.00" dynamics="60.00">
        <pitch>
          <step>G</step>
          <octave>3</octave>
          </pitch>
        <duration>1</duration>
        <voice>1</voice>
        <type>quarter</type>
        <stem>down</stem>
        </note>
      <note default-x="39.54" default-y="0.00" dynamics="55.56">
        <pitch>
          <step>A</step>
          <octave>3</octave>
          </pitch>
        <duration>1</duration>
        <voice>1</voice>
        <type>quarter</type>
        <stem>down</stem>
        </note>
      <note default-x="67.09" default-y="5.00" dynamics="57.78">
        <pitch>
          <step>B</step>
          <octave>3</octave>
          </pitch>
        <duration>1</duration>
        <voice>1</voice>
        <type>quarter</type>
        <stem>down</stem>
        </note>
      </measure>
    <measure number="12" width="96.23">
      <note default-x="12.00" default-y="10.00" dynamics="60.00">
        <pitch>
          <step>C</step>
          <octave>4</octave>
          </pitch>
        <duration>1</duration>
        <voice>1</voice>
        <type>quarter</type>
        <stem>down</stem>
        </note>
      <note default-x="39.54" default-y="5.00" dynamics="55.56">
        <pitch>
          <step>B</step>
          <octave>3</octave>
          </pitch>
        <duration>1</duration>
        <voice>1</voice>
        <type>quarter</type>
        <stem>down</stem>
        </note>
      <note default-x="67.09" default-y="0.00" dynamics="57.78">
        <pitch>
          <step>A</step>
          <octave>3</octave>
          </pitch>
        <duration>1</duration>
        <voice>1</voice>
        <type>quarter</type>
        <stem>down</stem>
        </note>
      </measure>
    <measure number="13" width="96.23">
      <note default-x="12.00" default-y="5.00" dynamics="60.00">
        <pitch>
          <step>B</step>
          <octave>3</octave>
          </pitch>
        <duration>1</duration>
        <voice>1</voice>
        <type>quarter</type>
        <stem>down</stem>
        </note>
      <note default-x="39.54" default-y="-5.00" dynamics="55.56">
        <pitch>
          <step>G</step>
          <octave>3</octave>
          </pitch>
        <duration>1</duration>
        <voice>1</voice>
        <type>quarter</type>
        <stem>down</stem>
        </note>
      <note default-x="67.09" default-y="0.00" dynamics="57.78">
        <pitch>
          <step>A</step>
          <octave>3</octave>
          </pitch>
        <duration>1</duration>
        <voice>1</voice>
        <type>quarter</type>
        <stem>down</stem>
        </note>
      </measure>
    <measure number="14" width="126.37">
      <note default-x="12.00" default-y="5.00" dynamics="60.00">
        <pitch>
          <step>B</step>
          <octave>3</octave>
          </pitch>
        <duration>1</duration>
        <voice>1</voice>
        <type>quarter</type>
        <stem>down</stem>
        </note>
      <attributes>
        <clef>
          <sign>G</sign>
          <line>2</line>
          </clef>
        </attributes>
      <note default-x="55.31" default-y="-45.00" dynamics="55.56">
        <pitch>
          <step>D</step>
          <octave>4</octave>
          </pitch>
        <duration>1</duration>
        <voice>1</voice>
        <type>quarter</type>
        <stem>up</stem>
        </note>
      <note default-x="90.04" default-y="-50.00" dynamics="57.78">
        <pitch>
          <step>C</step>
          <octave>4</octave>
          </pitch>
        <duration>1</duration>
        <voice>1</voice>
        <type>quarter</type>
        <stem>up</stem>
        </note>
      </measure>
    <measure number="15" width="96.23">
      <note default-x="12.00" default-y="-50.00" dynamics="54.44">
        <pitch>
          <step>C</step>
          <octave>4</octave>
          </pitch>
        <duration>1</duration>
        <voice>1</voice>
        <type>quarter</type>
        <stem>up</stem>
        </note>
      <note default-x="39.54" default-y="-40.00" dynamics="54.44">
        <pitch>
          <step>E</step>
          <octave>4</octave>
          </pitch>
        <duration>1</duration>
        <voice>1</voice>
        <type>quarter</type>
        <stem>up</stem>
        </note>
      <note default-x="67.09" default-y="-45.00" dynamics="54.44">
        <pitch>
          <step>D</step>
          <octave>4</octave>
          </pitch>
        <duration>1</duration>
        <voice>1</voice>
        <type>quarter</type>
        <stem>up</stem>
        </note>
      </measure>
    <measure number="16" width="96.23">
      <note default-x="12.00" default-y="-45.00" dynamics="54.44">
        <pitch>
          <step>D</step>
          <octave>4</octave>
          </pitch>
        <duration>1</duration>
        <voice>1</voice>
        <type>quarter</type>
        <stem>up</stem>
        </note>
      <note default-x="39.54" default-y="-30.00" dynamics="54.44">
        <pitch>
          <step>G</step>
          <octave>4</octave>
          </pitch>
        <duration>1</duration>
        <voice>1</voice>
        <type>quarter</type>
        <stem>up</stem>
        </note>
      <note default-x="67.09" default-y="-35.00" dynamics="54.44">
        <pitch>
          <step>F</step>
          <alter>1</alter>
          <octave>4</octave>
          </pitch>
        <duration>1</duration>
        <voice>1</voice>
        <type>quarter</type>
        <stem>up</stem>
        </note>
      </measure>
    <measure number="17" width="127.65">
      <note default-x="12.00" default-y="-30.00" dynamics="54.44">
        <pitch>
          <step>G</step>
          <octave>4</octave>
          </pitch>
        <duration>1</duration>
        <voice>1</voice>
        <type>quarter</type>
        <stem>up</stem>
        </note>
      <note default-x="46.73" default-y="-45.00" dynamics="54.44">
        <pitch>
          <step>D</step>
          <octave>4</octave>
          </pitch>
        <duration>1</duration>
        <voice>1</voice>
        <type>quarter</type>
        <stem>up</stem>
        </note>
      <attributes>
        <clef>
          <sign>F</sign>
          <line>4</line>
          </clef>
        </attributes>
      <note default-x="91.32" default-y="5.00" dynamics="54.44">
        <pitch>
          <step>B</step>
          <octave>3</octave>
          </pitch>
        <duration>1</duration>
        <voice>1</voice>
        <type>quarter</type>
        <stem>down</stem>
        </note>
      </measure>
    <measure number="18" width="96.23">
      <note default-x="12.00" default-y="-5.00" dynamics="54.44">
        <pitch>
          <step>G</step>
          <octave>3</octave>
          </pitch>
        <duration>1</duration>
        <voice>1</voice>
        <type>quarter</type>
        <stem>down</stem>
        </note>
      <note default-x="39.54" default-y="0.00" dynamics="54.44">
        <pitch>
          <step>A</step>
          <octave>3</octave>
          </pitch>
        <duration>1</duration>
        <voice>1</voice>
        <type>quarter</type>
        <stem>down</stem>
        </note>
      <note default-x="67.09" default-y="5.00" dynamics="54.44">
        <pitch>
          <step>B</step>
          <octave>3</octave>
          </pitch>
        <duration>1</duration>
        <voice>1</voice>
        <type>quarter</type>
        <stem>down</stem>
        </note>
      </measure>
    <measure number="19" width="104.23">
      <note default-x="12.00" default-y="-15.00" dynamics="54.44">
        <pitch>
          <step>E</step>
          <octave>3</octave>
          </pitch>
        <duration>1</duration>
        <voice>1</voice>
        <type>quarter</type>
        <stem>down</stem>
        </note>
      <note default-x="42.21" default-y="15.00" dynamics="54.44">
        <pitch>
          <step>D</step>
          <octave>4</octave>
          </pitch>
        <duration>1</duration>
        <voice>1</voice>
        <type>quarter</type>
        <stem>down</stem>
        </note>
      <note default-x="72.42" default-y="10.00" dynamics="54.44">
        <pitch>
          <step>C</step>
          <octave>4</octave>
          </pitch>
        <duration>1</duration>
        <voice>1</voice>
        <type>quarter</type>
        <stem>down</stem>
        </note>
      </measure>
    <measure number="20" width="216.67">
      <print new-system="yes">
        <system-layout>
          <system-margins>
            <left-margin>0.00</left-margin>
            <right-margin>0.00</right-margin>
            </system-margins>
          <system-distance>150.00</system-distance>
          </system-layout>
        </print>
      <note default-x="65.67" default-y="5.00" dynamics="54.44">
        <pitch>
          <step>B</step>
          <octave>3</octave>
          </pitch>
        <duration>1</duration>
        <voice>1</voice>
        <type>quarter</type>
        <stem>down</stem>
        </note>
      <note default-x="115.47" default-y="0.00" dynamics="54.44">
        <pitch>
          <step>A</step>
          <octave>3</octave>
          </pitch>
        <duration>1</duration>
        <voice>1</voice>
        <type>quarter</type>
        <stem>down</stem>
        </note>
      <note default-x="165.27" default-y="-5.00" dynamics="54.44">
        <pitch>
          <step>G</step>
          <octave>3</octave>
          </pitch>
        <duration>1</duration>
        <voice>1</voice>
        <type>quarter</type>
        <stem>down</stem>
        </note>
      </measure>
    <measure number="21" width="171.40">
      <note default-x="12.00" default-y="-20.00" dynamics="54.44">
        <pitch>
          <step>D</step>
          <octave>3</octave>
          </pitch>
        <duration>1</duration>
        <voice>1</voice>
        <type>quarter</type>
        <stem>down</stem>
        </note>
      <note default-x="64.60" default-y="-5.00" dynamics="54.44">
        <pitch>
          <step>G</step>
          <octave>3</octave>
          </pitch>
        <duration>1</duration>
        <voice>1</voice>
        <type>quarter</type>
        <stem>down</stem>
        </note>
      <note default-x="117.20" default-y="-10.00" dynamics="54.44">
        <pitch>
          <step>F</step>
          <alter>1</alter>
          <octave>3</octave>
          </pitch>
        <duration>1</duration>
        <voice>1</voice>
        <type>quarter</type>
        <stem>down</stem>
        </note>
      </measure>
    <measure number="22" width="212.37">
      <attributes>
        <clef>
          <sign>G</sign>
          <line>2</line>
          </clef>
        </attributes>
      <note>
        <rest/>
        <duration>1</duration>
        <voice>1</voice>
        <type>quarter</type>
        </note>
      <note default-x="100.24" default-y="-55.00" dynamics="54.44">
        <pitch>
          <step>B</step>
          <octave>3</octave>
          </pitch>
        <duration>1</duration>
        <voice>1</voice>
        <type>quarter</type>
        <stem>up</stem>
        </note>
      <note default-x="155.51" default-y="-45.00" dynamics="54.44">
        <pitch>
          <step>D</step>
          <octave>4</octave>
          </pitch>
        <duration>1</duration>
        <voice>1</voice>
        <type>quarter</type>
        <stem>up</stem>
        </note>
      <backup>
        <duration>3</duration>
        </backup>
      <note default-x="44.62" default-y="-65.00" dynamics="54.44">
        <pitch>
          <step>G</step>
          <octave>3</octave>
          </pitch>
        <duration>3</duration>
        <tie type="start"/>
        <voice>2</voice>
        <type>half</type>
        <dot/>
        <stem>down</stem>
        <notations>
          <tied type="start"/>
          </notations>
        </note>
      </measure>
    <measure number="23" width="179.79">
      <note default-x="12.36" default-y="-30.00" dynamics="54.44">
        <pitch>
          <step>G</step>
          <octave>4</octave>
          </pitch>
        <duration>1</duration>
        <voice>1</voice>
        <type>quarter</type>
        <stem>up</stem>
        </note>
      <note default-x="67.64" default-y="-45.00" dynamics="54.44">
        <pitch>
          <step>D</step>
          <octave>4</octave>
          </pitch>
        <duration>1</duration>
        <voice>1</voice>
        <type>quarter</type>
        <stem>up</stem>
        </note>
      <note default-x="122.92" default-y="-55.00" dynamics="54.44">
        <pitch>
          <step>B</step>
          <octave>3</octave>
          </pitch>
        <duration>1</duration>
        <voice>1</voice>
        <type>quarter</type>
        <stem>up</stem>
        </note>
      <backup>
        <duration>3</duration>
        </backup>
      <note default-x="12.00" default-y="-65.00" dynamics="54.44">
        <pitch>
          <step>G</step>
          <octave>3</octave>
          </pitch>
        <duration>3</duration>
        <tie type="stop"/>
        <voice>2</voice>
        <type>half</type>
        <dot/>
        <stem>down</stem>
        <notations>
          <tied type="stop"/>
          </notations>
        </note>
      </measure>
    <measure number="24" width="148.46">
      <note default-x="12.00" default-y="-65.00" dynamics="54.44">
        <pitch>
          <step>G</step>
          <octave>3</octave>
          </pitch>
        <duration>3</duration>
        <tie type="start"/>
        <voice>1</voice>
        <type>half</type>
        <dot/>
        <stem>up</stem>
        <notations>
          <tied type="start"/>
          </notations>
        </note>
      </measure>
    <measure number="25" width="148.46">
      <note default-x="12.00" default-y="-65.00" dynamics="54.44">
        <pitch>
          <step>G</step>
          <octave>3</octave>
          </pitch>
        <duration>3</duration>
        <tie type="stop"/>
        <voice>1</voice>
        <type>half</type>
        <dot/>
        <stem>up</stem>
        <notations>
          <tied type="stop"/>
          </notations>
        </note>
      </measure>
    </part>
  </score-partwise>
