<?xml version="1.0" encoding="UTF-8"?>
<!DOCTYPE score-partwise PUBLIC "-//Recordare//DTD MusicXML 3.0 Partwise//EN" "http://www.musicxml.org/dtds/partwise.dtd">
<score-partwise>
  <identification>
    <encoding>
      <software>MuseScore 2.1.0</software>
      <encoding-date>2018-01-01</encoding-date>
      <supports element="accidental" type="yes"/>
      <supports element="beam" type="yes"/>
      <supports element="print" attribute="new-page" type="yes" value="yes"/>
      <supports element="print" attribute="new-system" type="yes" value="yes"/>
      <supports element="stem" type="yes"/>
      </encoding>
    </identification>
  <defaults>
    <scaling>
      <millimeters>7.05556</millimeters>
      <tenths>40</tenths>
      </scaling>
    <page-layout>
      <page-height>1683.78</page-height>
      <page-width>1190.55</page-width>
      <page-margins type="even">
        <left-margin>56.6929</left-margin>
        <right-margin>56.6929</right-margin>
        <top-margin>56.6929</top-margin>
        <bottom-margin>113.386</bottom-margin>
        </page-margins>
      <page-margins type="odd">
        <left-margin>56.6929</left-margin>
        <right-margin>56.6929</right-margin>
        <top-margin>56.6929</top-margin>
        <bottom-margin>113.386</bottom-margin>
        </page-margins>
      </page-layout>
    <word-font font-family="FreeSerif" font-size="10"/>
    <lyric-font font-family="FreeSerif" font-size="11"/>
    </defaults>
  <part-list>
    <score-part id="P1">
      <part-name>Harpsichord, Klavier rechte Hand</part-name>
      <part-abbreviation>Hch.</part-abbreviation>
      <score-instrument id="P1-I1">
        <instrument-name>Harpsichord</instrument-name>
        </score-instrument>
      <midi-device id="P1-I1" port="1"></midi-device>
      <midi-instrument id="P1-I1">
        <midi-channel>1</midi-channel>
        <midi-program>7</midi-program>
        <volume>79.5276</volume>
        <pan>0</pan>
        </midi-instrument>
      </score-part>
    </part-list>
  <part id="P1">
    <measure number="1" width="387.26">
      <print>
        <system-layout>
          <system-margins>
            <left-margin>21.00</left-margin>
            <right-margin>0.00</right-margin>
            </system-margins>
          <top-system-distance>70.00</top-system-distance>
          </system-layout>
        <staff-layout number="2">
          <staff-distance>65.00</staff-distance>
          </staff-layout>
        </print>
      <attributes>
        <divisions>8</divisions>
        <key>
          <fifths>-1</fifths>
          </key>
        <time>
          <beats>4</beats>
          <beat-type>4</beat-type>
          </time>
        <staves>2</staves>
        <clef number="1">
          <sign>G</sign>
          <line>2</line>
          </clef>
        <clef number="2">
          <sign>F</sign>
          <line>4</line>
          </clef>
        </attributes>
      <direction placement="above">
        <direction-type>
          <metronome parentheses="no">
            <beat-unit>quarter</beat-unit>
            <per-minute>80</per-minute>
            </metronome>
          </direction-type>
        <staff>1</staff>
        <sound tempo="80"/>
        </direction>
      <note>
        <rest/>
        <duration>2</duration>
        <voice>1</voice>
        <type>16th</type>
        <staff>1</staff>
        </note>
      <note default-x="107.66" default-y="-10.00" dynamics="94.44">
        <pitch>
          <step>D</step>
          <octave>5</octave>
          </pitch>
        <duration>2</duration>
        <voice>1</voice>
        <type>16th</type>
        <stem>up</stem>
        <staff>1</staff>
        <beam number="1">begin</beam>
        <beam number="2">begin</beam>
        </note>
      <note default-x="127.87" default-y="-15.00" dynamics="94.44">
        <pitch>
          <step>C</step>
          <octave>5</octave>
          </pitch>
        <duration>2</duration>
        <voice>1</voice>
        <type>16th</type>
        <stem>up</stem>
        <staff>1</staff>
        <beam number="1">continue</beam>
        <beam number="2">continue</beam>
        </note>
      <note default-x="148.08" default-y="-20.00" dynamics="94.44">
        <pitch>
          <step>B</step>
          <alter>-1</alter>
          <octave>4</octave>
          </pitch>
        <duration>2</duration>
        <voice>1</voice>
        <type>16th</type>
        <stem>up</stem>
        <staff>1</staff>
        <beam number="1">end</beam>
        <beam number="2">end</beam>
        </note>
      <note default-x="168.29" default-y="-25.00" dynamics="94.44">
        <pitch>
          <step>A</step>
          <octave>4</octave>
          </pitch>
        <duration>2</duration>
        <voice>1</voice>
        <type>16th</type>
        <stem>up</stem>
        <staff>1</staff>
        <beam number="1">begin</beam>
        <beam number="2">begin</beam>
        </note>
      <note default-x="188.49" default-y="-20.00" dynamics="94.44">
        <pitch>
          <step>B</step>
          <alter>-1</alter>
          <octave>4</octave>
          </pitch>
        <duration>2</duration>
        <voice>1</voice>
        <type>16th</type>
        <stem>up</stem>
        <staff>1</staff>
        <beam number="1">continue</beam>
        <beam number="2">continue</beam>
        </note>
      <note default-x="208.70" default-y="-35.00" dynamics="94.44">
        <pitch>
          <step>F</step>
          <octave>4</octave>
          </pitch>
        <duration>2</duration>
        <voice>1</voice>
        <type>16th</type>
        <stem>up</stem>
        <staff>1</staff>
        <beam number="1">continue</beam>
        <beam number="2">continue</beam>
        </note>
      <note default-x="228.91" default-y="-30.00" dynamics="94.44">
        <pitch>
          <step>G</step>
          <octave>4</octave>
          </pitch>
        <duration>2</duration>
        <voice>1</voice>
        <type>16th</type>
        <stem>up</stem>
        <staff>1</staff>
        <beam number="1">end</beam>
        <beam number="2">end</beam>
        </note>
      <note default-x="249.11" default-y="-25.00" dynamics="94.44">
        <pitch>
          <step>A</step>
          <octave>4</octave>
          </pitch>
        <duration>1</duration>
        <voice>1</voice>
        <type>32nd</type>
        <stem>up</stem>
        <staff>1</staff>
        <beam number="1">begin</beam>
        <beam number="2">begin</beam>
        <beam number="3">begin</beam>
        </note>
      <note default-x="266.61" default-y="-30.00" dynamics="94.44">
        <pitch>
          <step>G</step>
          <octave>4</octave>
          </pitch>
        <duration>1</duration>
        <voice>1</voice>
        <type>32nd</type>
        <stem>up</stem>
        <staff>1</staff>
        <beam number="1">continue</beam>
        <beam number="2">end</beam>
        <beam number="3">end</beam>
        </note>
      <note default-x="282.28" default-y="-25.00" dynamics="94.44">
        <pitch>
          <step>A</step>
          <octave>4</octave>
          </pitch>
        <duration>4</duration>
        <voice>1</voice>
        <type>eighth</type>
        <stem>up</stem>
        <staff>1</staff>
        <beam number="1">continue</beam>
        </note>
      <note default-x="310.06" default-y="-20.00" dynamics="94.44">
        <pitch>
          <step>B</step>
          <alter>-1</alter>
          <octave>4</octave>
          </pitch>
        <duration>2</duration>
        <voice>1</voice>
        <type>16th</type>
        <stem>up</stem>
        <staff>1</staff>
        <beam number="1">end</beam>
        <beam number="2">backward hook</beam>
        </note>
      <note default-x="330.27" default-y="-30.00" dynamics="94.44">
        <pitch>
          <step>G</step>
          <octave>4</octave>
          </pitch>
        <duration>6</duration>
        <voice>1</voice>
        <type>eighth</type>
        <dot/>
        <stem>up</stem>
        <staff>1</staff>
        <beam number="1">begin</beam>
        </note>
      <note default-x="362.49" default-y="-35.00" dynamics="94.44">
        <pitch>
          <step>F</step>
          <octave>4</octave>
          </pitch>
        <duration>2</duration>
        <voice>1</voice>
        <type>16th</type>
        <stem>up</stem>
        <staff>1</staff>
        <beam number="1">end</beam>
        <beam number="2">backward hook</beam>
        </note>
      <backup>
        <duration>32</duration>
        </backup>
      <note default-x="87.10" default-y="-70.00" dynamics="94.44">
        <pitch>
          <step>F</step>
          <octave>3</octave>
          </pitch>
        <duration>16</duration>
        <voice>2</voice>
        <type>half</type>
        <stem>down</stem>
        <staff>1</staff>
        </note>
      <note>
        <rest/>
        <duration>16</duration>
        <voice>2</voice>
        <type>half</type>
        <staff>1</staff>
        </note>
      <backup>
        <duration>32</duration>
        </backup>
      <note default-x="87.10" default-y="-125.00" dynamics="94.44">
        <pitch>
          <step>D</step>
          <octave>3</octave>
          </pitch>
        <duration>16</duration>
        <voice>5</voice>
        <type>half</type>
        <stem>down</stem>
        <staff>2</staff>
        </note>
      <note default-x="248.75" default-y="-130.00" dynamics="94.44">
        <pitch>
          <step>C</step>
          <alter>1</alter>
          <octave>3</octave>
          </pitch>
        <duration>16</duration>
        <voice>5</voice>
        <type>half</type>
        <accidental>sharp</accidental>
        <stem>down</stem>
        <staff>2</staff>
        </note>
      <note default-x="248.75" default-y="-120.00" dynamics="94.44">
        <chord/>
        <pitch>
          <step>E</step>
          <octave>3</octave>
          </pitch>
        <duration>16</duration>
        <voice>5</voice>
        <type>half</type>
        <stem>down</stem>
        <staff>2</staff>
        </note>
      </measure>
    <measure number="2" width="327.24">
      <note>
        <rest/>
        <duration>8</duration>
        <voice>1</voice>
        <type>quarter</type>
        <staff>1</staff>
        </note>
      <note default-x="100.39" default-y="-10.00" dynamics="94.44">
        <pitch>
          <step>D</step>
          <octave>5</octave>
          </pitch>
        <duration>16</duration>
        <voice>1</voice>
        <type>half</type>
        <stem>up</stem>
        <staff>1</staff>
        </note>
      <note>
        <rest/>
        <duration>8</duration>
        <voice>1</voice>
        <type>quarter</type>
        <staff>1</staff>
        </note>
      <backup>
        <duration>32</duration>
        </backup>
      <note>
        <rest/>
        <duration>16</duration>
        <voice>2</voice>
        <type>half</type>
        <staff>1</staff>
        </note>
      <note>
        <rest/>
        <duration>8</duration>
        <voice>2</voice>
        <type>quarter</type>
        <staff>1</staff>
        </note>
      <note default-x="268.39" default-y="-15.00" dynamics="94.44">
        <pitch>
          <step>C</step>
          <alter>1</alter>
          <octave>5</octave>
          </pitch>
        <duration>8</duration>
        <voice>2</voice>
        <type>quarter</type>
        <accidental>sharp</accidental>
        <stem>down</stem>
        <staff>1</staff>
        </note>
      <backup>
        <duration>32</duration>
        </backup>
      <note default-x="12.58" default-y="-35.00" dynamics="94.44">
        <pitch>
          <step>F</step>
          <octave>4</octave>
          </pitch>
        <duration>16</duration>
        <voice>3</voice>
        <type>half</type>
        <stem>up</stem>
        <staff>1</staff>
        </note>
      <note default-x="185.91" default-y="-40.00" dynamics="94.44">
        <pitch>
          <step>E</step>
          <octave>4</octave>
          </pitch>
        <duration>16</duration>
        <voice>3</voice>
        <type>half</type>
        <stem>up</stem>
        <staff>1</staff>
        </note>
      <backup>
        <duration>32</duration>
        </backup>
      <note default-x="12.94" default-y="-125.00" dynamics="94.44">
        <pitch>
          <step>D</step>
          <octave>3</octave>
          </pitch>
        <duration>2</duration>
        <voice>5</voice>
        <type>16th</type>
        <stem>down</stem>
        <staff>2</staff>
        <beam number="1">begin</beam>
        <beam number="2">begin</beam>
        </note>
      <note default-x="34.32" default-y="-90.00" dynamics="94.44">
        <pitch>
          <step>D</step>
          <octave>4</octave>
          </pitch>
        <duration>2</duration>
        <voice>5</voice>
        <type>16th</type>
        <stem>down</stem>
        <staff>2</staff>
        <beam number="1">continue</beam>
        <beam number="2">continue</beam>
        </note>
      <note default-x="57.98" default-y="-95.00" dynamics="94.44">
        <pitch>
          <step>C</step>
          <octave>4</octave>
          </pitch>
        <duration>2</duration>
        <voice>5</voice>
        <type>16th</type>
        <stem>down</stem>
        <staff>2</staff>
        <beam number="1">continue</beam>
        <beam number="2">continue</beam>
        </note>
      <note default-x="79.37" default-y="-100.00" dynamics="94.44">
        <pitch>
          <step>B</step>
          <alter>-1</alter>
          <octave>3</octave>
          </pitch>
        <duration>2</duration>
        <voice>5</voice>
        <type>16th</type>
        <stem>down</stem>
        <staff>2</staff>
        <beam number="1">end</beam>
        <beam number="2">end</beam>
        </note>
      <note default-x="100.75" default-y="-105.00" dynamics="94.44">
        <pitch>
          <step>A</step>
          <octave>3</octave>
          </pitch>
        <duration>2</duration>
        <voice>5</voice>
        <type>16th</type>
        <stem>down</stem>
        <staff>2</staff>
        <beam number="1">begin</beam>
        <beam number="2">begin</beam>
        </note>
      <note default-x="122.13" default-y="-100.00" dynamics="94.44">
        <pitch>
          <step>B</step>
          <alter>-1</alter>
          <octave>3</octave>
          </pitch>
        <duration>2</duration>
        <voice>5</voice>
        <type>16th</type>
        <stem>down</stem>
        <staff>2</staff>
        <beam number="1">continue</beam>
        <beam number="2">continue</beam>
        </note>
      <note default-x="143.51" default-y="-115.00" dynamics="94.44">
        <pitch>
          <step>F</step>
          <octave>3</octave>
          </pitch>
        <duration>2</duration>
        <voice>5</voice>
        <type>16th</type>
        <stem>down</stem>
        <staff>2</staff>
        <beam number="1">continue</beam>
        <beam number="2">continue</beam>
        </note>
      <note default-x="164.89" default-y="-110.00" dynamics="94.44">
        <pitch>
          <step>G</step>
          <octave>3</octave>
          </pitch>
        <duration>2</duration>
        <voice>5</voice>
        <type>16th</type>
        <stem>down</stem>
        <staff>2</staff>
        <beam number="1">end</beam>
        <beam number="2">end</beam>
        </note>
      <note default-x="186.27" default-y="-105.00" dynamics="94.44">
        <pitch>
          <step>A</step>
          <octave>3</octave>
          </pitch>
        <duration>1</duration>
        <voice>5</voice>
        <type>32nd</type>
        <stem>down</stem>
        <staff>2</staff>
        <beam number="1">begin</beam>
        <beam number="2">begin</beam>
        <beam number="3">begin</beam>
        </note>
      <note default-x="201.94" default-y="-110.00" dynamics="94.44">
        <pitch>
          <step>G</step>
          <octave>3</octave>
          </pitch>
        <duration>1</duration>
        <voice>5</voice>
        <type>32nd</type>
        <stem>down</stem>
        <staff>2</staff>
        <beam number="1">continue</beam>
        <beam number="2">end</beam>
        <beam number="3">end</beam>
        </note>
      <note default-x="217.61" default-y="-105.00" dynamics="94.44">
        <pitch>
          <step>A</step>
          <octave>3</octave>
          </pitch>
        <duration>4</duration>
        <voice>5</voice>
        <type>eighth</type>
        <stem>down</stem>
        <staff>2</staff>
        <beam number="1">continue</beam>
        </note>
      <note default-x="247.01" default-y="-100.00" dynamics="94.44">
        <pitch>
          <step>B</step>
          <alter>-1</alter>
          <octave>3</octave>
          </pitch>
        <duration>2</duration>
        <voice>5</voice>
        <type>16th</type>
        <stem>down</stem>
        <staff>2</staff>
        <beam number="1">end</beam>
        <beam number="2">backward hook</beam>
        </note>
      <note default-x="268.39" default-y="-110.00" dynamics="94.44">
        <pitch>
          <step>G</step>
          <octave>3</octave>
          </pitch>
        <duration>6</duration>
        <voice>5</voice>
        <type>eighth</type>
        <dot/>
        <stem>down</stem>
        <staff>2</staff>
        <beam number="1">begin</beam>
        </note>
      <note default-x="302.48" default-y="-115.00" dynamics="94.44">
        <pitch>
          <step>F</step>
          <octave>3</octave>
          </pitch>
        <duration>2</duration>
        <voice>5</voice>
        <type>16th</type>
        <stem>down</stem>
        <staff>2</staff>
        <beam number="1">end</beam>
        <beam number="2">backward hook</beam>
        </note>
      </measure>
    <measure number="3" width="341.67">
      <note default-x="12.94" default-y="-10.00" dynamics="94.44">
        <pitch>
          <step>D</step>
          <octave>5</octave>
          </pitch>
        <duration>2</duration>
        <voice>1</voice>
        <type>16th</type>
        <stem>down</stem>
        <staff>1</staff>
        <beam number="1">begin</beam>
        <beam number="2">begin</beam>
        </note>
      <note default-x="34.67" default-y="10.00" dynamics="94.44">
        <pitch>
          <step>A</step>
          <octave>5</octave>
          </pitch>
        <duration>2</duration>
        <voice>1</voice>
        <type>16th</type>
        <stem>down</stem>
        <staff>1</staff>
        <beam number="1">continue</beam>
        <beam number="2">continue</beam>
        </note>
      <note default-x="56.40" default-y="5.00" dynamics="94.44">
        <pitch>
          <step>G</step>
          <octave>5</octave>
          </pitch>
        <duration>2</duration>
        <voice>1</voice>
        <type>16th</type>
        <stem>down</stem>
        <staff>1</staff>
        <beam number="1">continue</beam>
        <beam number="2">continue</beam>
        </note>
      <note default-x="78.13" default-y="0.00" dynamics="94.44">
        <pitch>
          <step>F</step>
          <octave>5</octave>
          </pitch>
        <duration>2</duration>
        <voice>1</voice>
        <type>16th</type>
        <stem>down</stem>
        <staff>1</staff>
        <beam number="1">end</beam>
        <beam number="2">end</beam>
        </note>
      <note default-x="99.85" default-y="-5.00" dynamics="94.44">
        <pitch>
          <step>E</step>
          <octave>5</octave>
          </pitch>
        <duration>2</duration>
        <voice>1</voice>
        <type>16th</type>
        <stem>down</stem>
        <staff>1</staff>
        <beam number="1">begin</beam>
        <beam number="2">begin</beam>
        </note>
      <note default-x="121.58" default-y="0.00" dynamics="94.44">
        <pitch>
          <step>F</step>
          <octave>5</octave>
          </pitch>
        <duration>2</duration>
        <voice>1</voice>
        <type>16th</type>
        <stem>down</stem>
        <staff>1</staff>
        <beam number="1">continue</beam>
        <beam number="2">continue</beam>
        </note>
      <note default-x="152.67" default-y="-15.00" dynamics="94.44">
        <pitch>
          <step>C</step>
          <alter>1</alter>
          <octave>5</octave>
          </pitch>
        <duration>2</duration>
        <voice>1</voice>
        <type>16th</type>
        <accidental>sharp</accidental>
        <stem>down</stem>
        <staff>1</staff>
        <beam number="1">continue</beam>
        <beam number="2">continue</beam>
        </note>
      <note default-x="174.39" default-y="-10.00" dynamics="94.44">
        <pitch>
          <step>D</step>
          <octave>5</octave>
          </pitch>
        <duration>2</duration>
        <voice>1</voice>
        <type>16th</type>
        <stem>down</stem>
        <staff>1</staff>
        <beam number="1">end</beam>
        <beam number="2">end</beam>
        </note>
      <note default-x="196.12" default-y="-5.00" dynamics="94.44">
        <pitch>
          <step>E</step>
          <octave>5</octave>
          </pitch>
        <duration>1</duration>
        <voice>1</voice>
        <type>32nd</type>
        <stem>down</stem>
        <staff>1</staff>
        <beam number="1">begin</beam>
        <beam number="2">begin</beam>
        <beam number="3">begin</beam>
        </note>
      <note default-x="211.79" default-y="-10.00" dynamics="94.44">
        <pitch>
          <step>D</step>
          <octave>5</octave>
          </pitch>
        <duration>1</duration>
        <voice>1</voice>
        <type>32nd</type>
        <stem>down</stem>
        <staff>1</staff>
        <beam number="1">continue</beam>
        <beam number="2">end</beam>
        <beam number="3">end</beam>
        </note>
      <note default-x="227.45" default-y="-5.00" dynamics="94.44">
        <pitch>
          <step>E</step>
          <octave>5</octave>
          </pitch>
        <duration>4</duration>
        <voice>1</voice>
        <type>eighth</type>
        <stem>down</stem>
        <staff>1</staff>
        <beam number="1">continue</beam>
        </note>
      <note default-x="257.33" default-y="0.00" dynamics="94.44">
        <pitch>
          <step>F</step>
          <octave>5</octave>
          </pitch>
        <duration>2</duration>
        <voice>1</voice>
        <type>16th</type>
        <stem>down</stem>
        <staff>1</staff>
        <beam number="1">end</beam>
        <beam number="2">backward hook</beam>
        </note>
      <note default-x="282.26" default-y="-10.00" dynamics="94.44">
        <pitch>
          <step>D</step>
          <octave>5</octave>
          </pitch>
        <duration>6</duration>
        <voice>1</voice>
        <type>eighth</type>
        <dot/>
        <stem>down</stem>
        <staff>1</staff>
        <beam number="1">begin</beam>
        </note>
      <note default-x="316.90" default-y="-15.00" dynamics="94.44">
        <pitch>
          <step>C</step>
          <alter>1</alter>
          <octave>5</octave>
          </pitch>
        <duration>2</duration>
        <voice>1</voice>
        <type>16th</type>
        <stem>down</stem>
        <staff>1</staff>
        <beam number="1">end</beam>
        <beam number="2">backward hook</beam>
        </note>
      <backup>
        <duration>32</duration>
        </backup>
      <note>
        <rest/>
        <duration>8</duration>
        <voice>5</voice>
        <type>quarter</type>
        <staff>2</staff>
        </note>
      <note default-x="99.85" default-y="-105.00" dynamics="94.44">
        <pitch>
          <step>A</step>
          <octave>3</octave>
          </pitch>
        <duration>8</duration>
        <voice>5</voice>
        <type>quarter</type>
        <stem>up</stem>
        <staff>2</staff>
        </note>
      <note default-x="196.12" default-y="-110.00" dynamics="94.44">
        <pitch>
          <step>G</step>
          <octave>3</octave>
          </pitch>
        <duration>8</duration>
        <voice>5</voice>
        <type>quarter</type>
        <stem>up</stem>
        <staff>2</staff>
        </note>
      <note default-x="196.12" default-y="-100.00" dynamics="94.44">
        <chord/>
        <pitch>
          <step>B</step>
          <alter>-1</alter>
          <octave>3</octave>
          </pitch>
        <duration>8</duration>
        <voice>5</voice>
        <type>quarter</type>
        <stem>up</stem>
        <staff>2</staff>
        </note>
      <note default-x="282.26" default-y="-105.00" dynamics="94.44">
        <pitch>
          <step>A</step>
          <alter>-1</alter>
          <octave>3</octave>
          </pitch>
        <duration>8</duration>
        <voice>5</voice>
        <type>quarter</type>
        <accidental>flat</accidental>
        <stem>up</stem>
        <staff>2</staff>
        </note>
      <note default-x="294.12" default-y="-100.00" dynamics="94.44">
        <chord/>
        <pitch>
          <step>B</step>
          <octave>3</octave>
          </pitch>
        <duration>8</duration>
        <voice>5</voice>
        <type>quarter</type>
        <accidental>natural</accidental>
        <stem>up</stem>
        <staff>2</staff>
        </note>
      <backup>
        <duration>32</duration>
        </backup>
      <note default-x="12.58" default-y="-115.00" dynamics="94.44">
        <pitch>
          <step>F</step>
          <octave>3</octave>
          </pitch>
        <duration>16</duration>
        <voice>6</voice>
        <type>half</type>
        <stem>down</stem>
        <staff>2</staff>
        </note>
      <note>
        <rest/>
        <duration>16</duration>
        <voice>6</voice>
        <type>half</type>
        <staff>2</staff>
        </note>
      </measure>
    <measure number="4" width="530.75">
      <print new-system="yes">
        <system-layout>
          <system-margins>
            <left-margin>21.00</left-margin>
            <right-margin>0.00</right-margin>
            </system-margins>
          <system-distance>150.00</system-distance>
          </system-layout>
        <staff-layout number="2">
          <staff-distance>65.00</staff-distance>
          </staff-layout>
        </print>
      <note default-x="80.77" default-y="-15.00" dynamics="94.44">
        <pitch>
          <step>C</step>
          <alter>1</alter>
          <octave>5</octave>
          </pitch>
        <duration>12</duration>
        <voice>1</voice>
        <type>quarter</type>
        <dot/>
        <accidental>sharp</accidental>
        <stem>up</stem>
        <staff>1</staff>
        </note>
      <note default-x="253.60" default-y="-10.00" dynamics="94.44">
        <pitch>
          <step>D</step>
          <octave>5</octave>
          </pitch>
        <duration>4</duration>
        <tie type="start"/>
        <voice>1</voice>
        <type>eighth</type>
        <stem>up</stem>
        <staff>1</staff>
        <notations>
          <tied type="start"/>
          </notations>
        </note>
      <note default-x="308.71" default-y="-10.00" dynamics="94.44">
        <pitch>
          <step>D</step>
          <octave>5</octave>
          </pitch>
        <duration>8</duration>
        <tie type="stop"/>
        <voice>1</voice>
        <type>quarter</type>
        <stem>up</stem>
        <staff>1</staff>
        <notations>
          <tied type="stop"/>
          </notations>
        </note>
      <note default-x="418.93" default-y="-15.00" dynamics="94.44">
        <pitch>
          <step>C</step>
          <octave>5</octave>
          </pitch>
        <duration>8</duration>
        <voice>1</voice>
        <type>quarter</type>
        <accidental>natural</accidental>
        <stem>up</stem>
        <staff>1</staff>
        </note>
      <backup>
        <duration>32</duration>
        </backup>
      <note>
        <rest/>
        <duration>2</duration>
        <voice>2</voice>
        <type>16th</type>
        <staff>1</staff>
        </note>
      <note default-x="115.82" default-y="-20.00" dynamics="94.44">
        <pitch>
          <step>B</step>
          <octave>4</octave>
          </pitch>
        <duration>2</duration>
        <voice>2</voice>
        <type>16th</type>
        <accidental>natural</accidental>
        <stem>down</stem>
        <staff>1</staff>
        <beam number="1">begin</beam>
        <beam number="2">begin</beam>
        </note>
      <note default-x="143.38" default-y="-25.00" dynamics="94.44">
        <pitch>
          <step>A</step>
          <octave>4</octave>
          </pitch>
        <duration>2</duration>
        <voice>2</voice>
        <type>16th</type>
        <stem>down</stem>
        <staff>1</staff>
        <beam number="1">continue</beam>
        <beam number="2">continue</beam>
        </note>
      <note default-x="170.93" default-y="-30.00" dynamics="94.44">
        <pitch>
          <step>G</step>
          <octave>4</octave>
          </pitch>
        <duration>2</duration>
        <voice>2</voice>
        <type>16th</type>
        <stem>down</stem>
        <staff>1</staff>
        <beam number="1">end</beam>
        <beam number="2">end</beam>
        </note>
      <note>
        <rest/>
        <duration>2</duration>
        <voice>2</voice>
        <type>16th</type>
        <staff>1</staff>
        </note>
      <note default-x="226.04" default-y="-25.00" dynamics="94.44">
        <pitch>
          <step>A</step>
          <octave>4</octave>
          </pitch>
        <duration>4</duration>
        <voice>2</voice>
        <type>eighth</type>
        <stem>down</stem>
        <staff>1</staff>
        <beam number="1">begin</beam>
        <notations>
          <articulations>
            <staccato/>
            </articulations>
          </notations>
        </note>
      <note default-x="281.15" default-y="-35.00" dynamics="94.44">
        <pitch>
          <step>F</step>
          <octave>4</octave>
          </pitch>
        <duration>2</duration>
        <voice>2</voice>
        <type>16th</type>
        <stem>down</stem>
        <staff>1</staff>
        <beam number="1">end</beam>
        <beam number="2">backward hook</beam>
        </note>
      <note>
        <rest/>
        <duration>8</duration>
        <voice>2</voice>
        <type>quarter</type>
        <staff>1</staff>
        </note>
      <note default-x="418.93" default-y="-25.00" dynamics="94.44">
        <pitch>
          <step>A</step>
          <octave>4</octave>
          </pitch>
        <duration>8</duration>
        <tie type="start"/>
        <voice>2</voice>
        <type>quarter</type>
        <stem>down</stem>
        <staff>1</staff>
        <notations>
          <tied type="start"/>
          </notations>
        </note>
      <backup>
        <duration>32</duration>
        </backup>
      <note>
        <rest/>
        <duration>8</duration>
        <voice>4</voice>
        <type>quarter</type>
        <staff>1</staff>
        </note>
      <note default-x="198.49" default-y="-35.00" dynamics="94.44">
        <pitch>
          <step>F</step>
          <octave>4</octave>
          </pitch>
        <duration>8</duration>
        <voice>4</voice>
        <type>quarter</type>
        <stem>down</stem>
        <staff>1</staff>
        </note>
      <note default-x="308.35" default-y="-40.00" dynamics="94.44">
        <pitch>
          <step>E</step>
          <octave>4</octave>
          </pitch>
        <duration>16</duration>
        <tie type="start"/>
        <voice>4</voice>
        <type>half</type>
        <stem>down</stem>
        <staff>1</staff>
        <notations>
          <tied type="start"/>
          </notations>
        </note>
      <backup>
        <duration>32</duration>
        </backup>
      <note default-x="80.41" default-y="-105.00" dynamics="94.44">
        <pitch>
          <step>A</step>
          <octave>3</octave>
          </pitch>
        <duration>16</duration>
        <tie type="start"/>
        <voice>5</voice>
        <type>half</type>
        <stem>down</stem>
        <staff>2</staff>
        <notations>
          <tied type="start"/>
          </notations>
        </note>
      <note default-x="308.71" default-y="-105.00" dynamics="94.44">
        <pitch>
          <step>A</step>
          <octave>3</octave>
          </pitch>
        <duration>2</duration>
        <tie type="stop"/>
        <voice>5</voice>
        <type>16th</type>
        <stem>down</stem>
        <staff>2</staff>
        <beam number="1">begin</beam>
        <beam number="2">begin</beam>
        <notations>
          <tied type="stop"/>
          </notations>
        </note>
      <note default-x="336.26" default-y="-105.00" dynamics="94.44">
        <pitch>
          <step>A</step>
          <octave>3</octave>
          </pitch>
        <duration>2</duration>
        <voice>5</voice>
        <type>16th</type>
        <stem>down</stem>
        <staff>2</staff>
        <beam number="1">continue</beam>
        <beam number="2">continue</beam>
        </note>
      <note default-x="363.82" default-y="-110.00" dynamics="94.44">
        <pitch>
          <step>G</step>
          <octave>3</octave>
          </pitch>
        <duration>2</duration>
        <voice>5</voice>
        <type>16th</type>
        <stem>down</stem>
        <staff>2</staff>
        <beam number="1">continue</beam>
        <beam number="2">continue</beam>
        </note>
      <note default-x="391.37" default-y="-115.00" dynamics="94.44">
        <pitch>
          <step>F</step>
          <octave>3</octave>
          </pitch>
        <duration>2</duration>
        <voice>5</voice>
        <type>16th</type>
        <stem>down</stem>
        <staff>2</staff>
        <beam number="1">end</beam>
        <beam number="2">end</beam>
        </note>
      <note default-x="418.93" default-y="-120.00" dynamics="94.44">
        <pitch>
          <step>E</step>
          <octave>3</octave>
          </pitch>
        <duration>2</duration>
        <voice>5</voice>
        <type>16th</type>
        <stem>down</stem>
        <staff>2</staff>
        <beam number="1">begin</beam>
        <beam number="2">begin</beam>
        </note>
      <note default-x="446.48" default-y="-115.00" dynamics="94.44">
        <pitch>
          <step>F</step>
          <octave>3</octave>
          </pitch>
        <duration>2</duration>
        <voice>5</voice>
        <type>16th</type>
        <stem>down</stem>
        <staff>2</staff>
        <beam number="1">continue</beam>
        <beam number="2">continue</beam>
        </note>
      <note default-x="474.04" default-y="-130.00" dynamics="94.44">
        <pitch>
          <step>C</step>
          <octave>3</octave>
          </pitch>
        <duration>2</duration>
        <voice>5</voice>
        <type>16th</type>
        <stem>down</stem>
        <staff>2</staff>
        <beam number="1">continue</beam>
        <beam number="2">continue</beam>
        </note>
      <note default-x="501.59" default-y="-125.00" dynamics="94.44">
        <pitch>
          <step>D</step>
          <octave>3</octave>
          </pitch>
        <duration>2</duration>
        <voice>5</voice>
        <type>16th</type>
        <stem>down</stem>
        <staff>2</staff>
        <beam number="1">end</beam>
        <beam number="2">end</beam>
        </note>
      </measure>
    <measure number="5" width="525.42">
      <note default-x="14.36" default-y="-20.00" dynamics="94.44">
        <pitch>
          <step>B</step>
          <octave>4</octave>
          </pitch>
        <duration>24</duration>
        <voice>1</voice>
        <type>half</type>
        <dot/>
        <accidental>natural</accidental>
        <stem>up</stem>
        <staff>1</staff>
        </note>
      <note default-x="380.01" default-y="-25.00" dynamics="94.44">
        <pitch>
          <step>A</step>
          <octave>4</octave>
          </pitch>
        <duration>8</duration>
        <tie type="start"/>
        <voice>1</voice>
        <type>quarter</type>
        <accidental>natural</accidental>
        <stem>up</stem>
        <staff>1</staff>
        <notations>
          <tied type="start"/>
          </notations>
        </note>
      <backup>
        <duration>32</duration>
        </backup>
      <note default-x="26.94" default-y="-25.00" dynamics="94.44">
        <pitch>
          <step>A</step>
          <octave>4</octave>
          </pitch>
        <duration>8</duration>
        <tie type="stop"/>
        <voice>2</voice>
        <type>quarter</type>
        <stem>down</stem>
        <staff>1</staff>
        <notations>
          <tied type="stop"/>
          </notations>
        </note>
      <note default-x="135.60" default-y="-25.00" dynamics="94.44">
        <pitch>
          <step>A</step>
          <alter>-1</alter>
          <octave>4</octave>
          </pitch>
        <duration>16</duration>
        <voice>2</voice>
        <type>half</type>
        <accidental>flat</accidental>
        <stem>down</stem>
        <staff>1</staff>
        <notations>
          <articulations>
            <staccato/>
            </articulations>
          </notations>
        </note>
      <note>
        <rest/>
        <duration>2</duration>
        <voice>2</voice>
        <type>16th</type>
        <staff>1</staff>
        </note>
      <note default-x="413.46" default-y="-40.00" dynamics="94.44">
        <pitch>
          <step>E</step>
          <octave>4</octave>
          </pitch>
        <duration>2</duration>
        <voice>2</voice>
        <type>16th</type>
        <stem>down</stem>
        <staff>1</staff>
        <beam number="1">begin</beam>
        <beam number="2">begin</beam>
        </note>
      <note default-x="456.92" default-y="-35.00" dynamics="94.44">
        <pitch>
          <step>F</step>
          <octave>4</octave>
          </pitch>
        <duration>2</duration>
        <voice>2</voice>
        <type>16th</type>
        <stem>down</stem>
        <staff>1</staff>
        <beam number="1">continue</beam>
        <beam number="2">continue</beam>
        </note>
      <note default-x="490.37" default-y="-45.00" dynamics="94.44">
        <pitch>
          <step>D</step>
          <octave>4</octave>
          </pitch>
        <duration>2</duration>
        <voice>2</voice>
        <type>16th</type>
        <stem>down</stem>
        <staff>1</staff>
        <beam number="1">end</beam>
        <beam number="2">end</beam>
        </note>
      <backup>
        <duration>32</duration>
        </backup>
      <note default-x="26.94" default-y="-40.00" dynamics="94.44">
        <pitch>
          <step>E</step>
          <octave>4</octave>
          </pitch>
        <duration>24</duration>
        <tie type="stop"/>
        <voice>4</voice>
        <type>half</type>
        <dot/>
        <stem>down</stem>
        <staff>1</staff>
        <notations>
          <tied type="stop"/>
          </notations>
        </note>
      <note>
        <rest/>
        <duration>8</duration>
        <voice>4</voice>
        <type>quarter</type>
        <staff>1</staff>
        </note>
      <backup>
        <duration>32</duration>
        </backup>
      <note default-x="14.72" default-y="-120.00" dynamics="94.44">
        <pitch>
          <step>E</step>
          <octave>3</octave>
          </pitch>
        <duration>1</duration>
        <voice>5</voice>
        <type>32nd</type>
        <stem>up</stem>
        <staff>2</staff>
        <beam number="1">begin</beam>
        <beam number="2">begin</beam>
        <beam number="3">begin</beam>
        </note>
      <note default-x="35.62" default-y="-125.00" dynamics="94.44">
        <pitch>
          <step>D</step>
          <octave>3</octave>
          </pitch>
        <duration>1</duration>
        <voice>5</voice>
        <type>32nd</type>
        <stem>up</stem>
        <staff>2</staff>
        <beam number="1">continue</beam>
        <beam number="2">end</beam>
        <beam number="3">end</beam>
        </note>
      <note default-x="56.53" default-y="-120.00" dynamics="94.44">
        <pitch>
          <step>E</step>
          <octave>3</octave>
          </pitch>
        <duration>4</duration>
        <voice>5</voice>
        <type>eighth</type>
        <stem>up</stem>
        <staff>2</staff>
        <beam number="1">continue</beam>
        </note>
      <note default-x="102.51" default-y="-115.00" dynamics="94.44">
        <pitch>
          <step>F</step>
          <octave>3</octave>
          </pitch>
        <duration>2</duration>
        <voice>5</voice>
        <type>16th</type>
        <stem>up</stem>
        <staff>2</staff>
        <beam number="1">end</beam>
        <beam number="2">backward hook</beam>
        </note>
      <note default-x="135.96" default-y="-125.00" dynamics="94.44">
        <pitch>
          <step>D</step>
          <octave>3</octave>
          </pitch>
        <duration>6</duration>
        <voice>5</voice>
        <type>eighth</type>
        <dot/>
        <stem>up</stem>
        <staff>2</staff>
        <beam number="1">begin</beam>
        </note>
      <note default-x="189.29" default-y="-130.00" dynamics="94.44">
        <pitch>
          <step>C</step>
          <octave>3</octave>
          </pitch>
        <duration>2</duration>
        <voice>5</voice>
        <type>16th</type>
        <stem>up</stem>
        <staff>2</staff>
        <beam number="1">end</beam>
        <beam number="2">backward hook</beam>
        </note>
      <note>
        <rest/>
        <duration>2</duration>
        <voice>5</voice>
        <type>16th</type>
        <staff>2</staff>
        </note>
      <attributes>
        <clef number="2">
          <sign>G</sign>
          <line>2</line>
          </clef>
        </attributes>
      <note default-x="279.67" default-y="-130.00" dynamics="94.44">
        <pitch>
          <step>A</step>
          <alter>-1</alter>
          <octave>4</octave>
          </pitch>
        <duration>2</duration>
        <voice>5</voice>
        <type>16th</type>
        <accidental>flat</accidental>
        <stem>up</stem>
        <staff>2</staff>
        <beam number="1">begin</beam>
        <beam number="2">begin</beam>
        </note>
      <note default-x="313.12" default-y="-140.00" dynamics="94.44">
        <pitch>
          <step>F</step>
          <alter>1</alter>
          <octave>4</octave>
          </pitch>
        <duration>2</duration>
        <voice>5</voice>
        <type>16th</type>
        <accidental>sharp</accidental>
        <stem>up</stem>
        <staff>2</staff>
        <beam number="1">continue</beam>
        <beam number="2">continue</beam>
        </note>
      <note default-x="346.56" default-y="-145.00" dynamics="94.44">
        <pitch>
          <step>E</step>
          <octave>4</octave>
          </pitch>
        <duration>2</duration>
        <tie type="start"/>
        <voice>5</voice>
        <type>16th</type>
        <stem>up</stem>
        <staff>2</staff>
        <beam number="1">end</beam>
        <beam number="2">end</beam>
        <notations>
          <tied type="start"/>
          </notations>
        </note>
      <note default-x="380.01" default-y="-145.00" dynamics="94.44">
        <pitch>
          <step>E</step>
          <octave>4</octave>
          </pitch>
        <duration>2</duration>
        <tie type="stop"/>
        <voice>5</voice>
        <type>16th</type>
        <stem>up</stem>
        <staff>2</staff>
        <notations>
          <tied type="stop"/>
          </notations>
        </note>
      <note>
        <rest/>
        <duration>2</duration>
        <voice>5</voice>
        <type>16th</type>
        <staff>2</staff>
        </note>
      <attributes>
        <clef number="2">
          <sign>F</sign>
          <line>4</line>
          </clef>
        </attributes>
      <note default-x="456.92" default-y="-125.00" dynamics="94.44">
        <pitch>
          <step>D</step>
          <octave>3</octave>
          </pitch>
        <duration>4</duration>
        <voice>5</voice>
        <type>eighth</type>
        <stem>up</stem>
        <staff>2</staff>
        </note>
      <backup>
        <duration>32</duration>
        </backup>
      <note>
        <rest/>
        <duration>16</duration>
        <voice>6</voice>
        <type>half</type>
        <staff>2</staff>
        </note>
      <note default-x="222.37" default-y="-130.00" dynamics="94.44">
        <pitch>
          <step>C</step>
          <octave>3</octave>
          </pitch>
        <duration>16</duration>
        <voice>6</voice>
        <type>half</type>
        <stem>down</stem>
        <staff>2</staff>
        </note>
      </measure>
    <measure number="6" width="531.28">
      <print new-system="yes">
        <system-layout>
          <system-margins>
            <left-margin>21.00</left-margin>
            <right-margin>0.00</right-margin>
            </system-margins>
          <system-distance>150.00</system-distance>
          </system-layout>
        <staff-layout number="2">
          <staff-distance>65.00</staff-distance>
          </staff-layout>
        </print>
      <note default-x="81.57" default-y="-25.00" dynamics="94.44">
        <pitch>
          <step>A</step>
          <octave>4</octave>
          </pitch>
        <duration>8</duration>
        <tie type="stop"/>
        <voice>1</voice>
        <type>quarter</type>
        <stem>up</stem>
        <staff>1</staff>
        <notations>
          <tied type="stop"/>
          </notations>
        </note>
      <note default-x="188.76" default-y="-30.00" dynamics="94.44">
        <pitch>
          <step>G</step>
          <octave>4</octave>
          </pitch>
        <duration>16</duration>
        <voice>1</voice>
        <type>half</type>
        <stem>up</stem>
        <staff>1</staff>
        </note>
      <note>
        <rest/>
        <duration>8</duration>
        <voice>1</voice>
        <type>quarter</type>
        <staff>1</staff>
        </note>
      <backup>
        <duration>32</duration>
        </backup>
      <note>
        <rest/>
        <duration>2</duration>
        <voice>2</voice>
        <type>16th</type>
        <staff>1</staff>
        </note>
      <note default-x="108.46" default-y="-25.00" dynamics="94.44">
        <pitch>
          <step>A</step>
          <octave>4</octave>
          </pitch>
        <duration>2</duration>
        <voice>2</voice>
        <type>16th</type>
        <stem>down</stem>
        <staff>1</staff>
        <beam number="1">begin</beam>
        <beam number="2">begin</beam>
        </note>
      <note default-x="135.35" default-y="-30.00" dynamics="94.44">
        <pitch>
          <step>G</step>
          <octave>4</octave>
          </pitch>
        <duration>2</duration>
        <voice>2</voice>
        <type>16th</type>
        <stem>down</stem>
        <staff>1</staff>
        <beam number="1">continue</beam>
        <beam number="2">continue</beam>
        </note>
      <note default-x="162.23" default-y="-35.00" dynamics="94.44">
        <pitch>
          <step>F</step>
          <octave>4</octave>
          </pitch>
        <duration>2</duration>
        <voice>2</voice>
        <type>16th</type>
        <stem>down</stem>
        <staff>1</staff>
        <beam number="1">end</beam>
        <beam number="2">end</beam>
        </note>
      <note>
        <rest/>
        <duration>8</duration>
        <voice>2</voice>
        <type>quarter</type>
        <staff>1</staff>
        </note>
      <note>
        <rest/>
        <duration>8</duration>
        <voice>2</voice>
        <type>quarter</type>
        <staff>1</staff>
        </note>
      <note default-x="422.13" default-y="-35.00" dynamics="94.44">
        <pitch>
          <step>F</step>
          <octave>4</octave>
          </pitch>
        <duration>8</duration>
        <tie type="start"/>
        <voice>2</voice>
        <type>quarter</type>
        <stem>down</stem>
        <staff>1</staff>
        <notations>
          <tied type="start"/>
          </notations>
        </note>
      <backup>
        <duration>32</duration>
        </backup>
      <note>
        <rest/>
        <duration>8</duration>
        <voice>3</voice>
        <type>quarter</type>
        <staff>1</staff>
        </note>
      <note>
        <rest/>
        <duration>2</duration>
        <voice>3</voice>
        <type>16th</type>
        <staff>1</staff>
        </note>
      <note default-x="229.59" default-y="-40.00" dynamics="94.44">
        <pitch>
          <step>E</step>
          <octave>4</octave>
          </pitch>
        <duration>6</duration>
        <tie type="start"/>
        <voice>3</voice>
        <type>eighth</type>
        <dot/>
        <stem>up</stem>
        <staff>1</staff>
        <notations>
          <tied type="start"/>
          </notations>
        </note>
      <note default-x="314.45" default-y="-40.00" dynamics="94.44">
        <pitch>
          <step>E</step>
          <octave>4</octave>
          </pitch>
        <duration>8</duration>
        <tie type="stop"/>
        <voice>3</voice>
        <type>quarter</type>
        <stem>up</stem>
        <staff>1</staff>
        <notations>
          <tied type="stop"/>
          </notations>
        </note>
      <note default-x="426.43" default-y="-45.00" dynamics="94.44">
        <pitch>
          <step>D</step>
          <octave>4</octave>
          </pitch>
        <duration>8</duration>
        <tie type="start"/>
        <voice>3</voice>
        <type>quarter</type>
        <stem>up</stem>
        <staff>1</staff>
        <notations>
          <tied type="start"/>
          </notations>
        </note>
      <backup>
        <duration>32</duration>
        </backup>
      <note default-x="81.21" default-y="-55.00" dynamics="94.44">
        <pitch>
          <step>B</step>
          <octave>3</octave>
          </pitch>
        <duration>16</duration>
        <voice>4</voice>
        <type>half</type>
        <accidental>natural</accidental>
        <stem>down</stem>
        <staff>1</staff>
        </note>
      <note default-x="314.09" default-y="-60.00" dynamics="94.44">
        <pitch>
          <step>A</step>
          <octave>3</octave>
          </pitch>
        <duration>16</duration>
        <voice>4</voice>
        <type>half</type>
        <stem>down</stem>
        <staff>1</staff>
        </note>
      <backup>
        <duration>32</duration>
        </backup>
      <note>
        <rest/>
        <duration>8</duration>
        <voice>5</voice>
        <type>quarter</type>
        <staff>2</staff>
        </note>
      <note default-x="189.12" default-y="-85.00" dynamics="94.44">
        <pitch>
          <step>E</step>
          <octave>4</octave>
          </pitch>
        <duration>1</duration>
        <voice>5</voice>
        <type>32nd</type>
        <stem>up</stem>
        <staff>2</staff>
        <beam number="1">begin</beam>
        <beam number="2">begin</beam>
        <beam number="3">begin</beam>
        </note>
      <note default-x="212.79" default-y="-90.00" dynamics="94.44">
        <pitch>
          <step>D</step>
          <octave>4</octave>
          </pitch>
        <duration>1</duration>
        <voice>5</voice>
        <type>32nd</type>
        <stem>up</stem>
        <staff>2</staff>
        <beam number="1">continue</beam>
        <beam number="2">continue</beam>
        <beam number="3">end</beam>
        </note>
      <note default-x="229.59" default-y="-115.00" dynamics="94.44">
        <pitch>
          <step>F</step>
          <octave>3</octave>
          </pitch>
        <duration>2</duration>
        <voice>5</voice>
        <type>16th</type>
        <stem>up</stem>
        <staff>2</staff>
        <beam number="1">continue</beam>
        <beam number="2">continue</beam>
        </note>
      <note default-x="256.48" default-y="-120.00" dynamics="94.44">
        <pitch>
          <step>E</step>
          <octave>3</octave>
          </pitch>
        <duration>2</duration>
        <voice>5</voice>
        <type>16th</type>
        <stem>up</stem>
        <staff>2</staff>
        <beam number="1">continue</beam>
        <beam number="2">continue</beam>
        </note>
      <note default-x="283.37" default-y="-125.00" dynamics="94.44">
        <pitch>
          <step>D</step>
          <octave>3</octave>
          </pitch>
        <duration>2</duration>
        <voice>5</voice>
        <type>16th</type>
        <stem>up</stem>
        <staff>2</staff>
        <beam number="1">end</beam>
        <beam number="2">end</beam>
        </note>
      <note default-x="314.45" default-y="-130.00" dynamics="94.44">
        <pitch>
          <step>C</step>
          <alter>1</alter>
          <octave>3</octave>
          </pitch>
        <duration>2</duration>
        <voice>5</voice>
        <type>16th</type>
        <accidental>sharp</accidental>
        <stem>up</stem>
        <staff>2</staff>
        <beam number="1">begin</beam>
        <beam number="2">begin</beam>
        </note>
      <note default-x="341.33" default-y="-140.00" dynamics="94.44">
        <pitch>
          <step>A</step>
          <octave>2</octave>
          </pitch>
        <duration>2</duration>
        <voice>5</voice>
        <type>16th</type>
        <stem>up</stem>
        <staff>2</staff>
        <beam number="1">continue</beam>
        <beam number="2">continue</beam>
        </note>
      <note default-x="368.36" default-y="-135.00" dynamics="94.44">
        <pitch>
          <step>B</step>
          <octave>2</octave>
          </pitch>
        <duration>2</duration>
        <voice>5</voice>
        <type>16th</type>
        <accidental>natural</accidental>
        <stem>up</stem>
        <staff>2</staff>
        <beam number="1">continue</beam>
        <beam number="2">continue</beam>
        </note>
      <note default-x="395.24" default-y="-130.00" dynamics="94.44">
        <pitch>
          <step>C</step>
          <alter>1</alter>
          <octave>3</octave>
          </pitch>
        <duration>2</duration>
        <voice>5</voice>
        <type>16th</type>
        <stem>up</stem>
        <staff>2</staff>
        <beam number="1">end</beam>
        <beam number="2">end</beam>
        </note>
      <note default-x="422.13" default-y="-125.00" dynamics="94.44">
        <pitch>
          <step>D</step>
          <octave>3</octave>
          </pitch>
        <duration>2</duration>
        <voice>5</voice>
        <type>16th</type>
        <stem>up</stem>
        <staff>2</staff>
        <beam number="1">begin</beam>
        <beam number="2">begin</beam>
        </note>
      <note default-x="449.02" default-y="-120.00" dynamics="94.44">
        <pitch>
          <step>E</step>
          <octave>3</octave>
          </pitch>
        <duration>2</duration>
        <voice>5</voice>
        <type>16th</type>
        <stem>up</stem>
        <staff>2</staff>
        <beam number="1">continue</beam>
        <beam number="2">continue</beam>
        </note>
      <note default-x="475.90" default-y="-115.00" dynamics="94.44">
        <pitch>
          <step>F</step>
          <octave>3</octave>
          </pitch>
        <duration>2</duration>
        <voice>5</voice>
        <type>16th</type>
        <stem>up</stem>
        <staff>2</staff>
        <beam number="1">continue</beam>
        <beam number="2">continue</beam>
        </note>
      <note default-x="502.79" default-y="-125.00" dynamics="94.44">
        <pitch>
          <step>D</step>
          <octave>3</octave>
          </pitch>
        <duration>2</duration>
        <voice>5</voice>
        <type>16th</type>
        <stem>up</stem>
        <staff>2</staff>
        <beam number="1">end</beam>
        <beam number="2">end</beam>
        </note>
      <backup>
        <duration>32</duration>
        </backup>
      <note default-x="81.21" default-y="-120.00" dynamics="94.44">
        <pitch>
          <step>E</step>
          <octave>3</octave>
          </pitch>
        <duration>16</duration>
        <voice>6</voice>
        <type>half</type>
        <stem>down</stem>
        <staff>2</staff>
        <notations>
          <articulations>
            <staccato/>
            </articulations>
          </notations>
        </note>
      <note>
        <rest/>
        <duration>16</duration>
        <voice>6</voice>
        <type>half</type>
        <staff>2</staff>
        </note>
      </measure>
    <measure number="7" width="524.89">
      <note default-x="17.30" default-y="-65.00" dynamics="94.44">
        <pitch>
          <step>G</step>
          <octave>3</octave>
          </pitch>
        <duration>16</duration>
        <voice>1</voice>
        <type>half</type>
        <stem>up</stem>
        <staff>1</staff>
        </note>
      <note default-x="277.87" default-y="-50.00" dynamics="94.44">
        <pitch>
          <step>C</step>
          <alter>1</alter>
          <octave>4</octave>
          </pitch>
        <duration>8</duration>
        <voice>1</voice>
        <type>quarter</type>
        <stem>up</stem>
        <staff>1</staff>
        </note>
      <note default-x="405.54" default-y="-45.00" dynamics="94.44">
        <pitch>
          <step>D</step>
          <octave>4</octave>
          </pitch>
        <duration>8</duration>
        <tie type="start"/>
        <voice>1</voice>
        <type>quarter</type>
        <stem>up</stem>
        <staff>1</staff>
        <notations>
          <tied type="start"/>
          </notations>
        </note>
      <backup>
        <duration>32</duration>
        </backup>
      <note default-x="13.00" default-y="-35.00" dynamics="94.44">
        <pitch>
          <step>F</step>
          <octave>4</octave>
          </pitch>
        <duration>8</duration>
        <tie type="stop"/>
        <voice>2</voice>
        <type>quarter</type>
        <stem>down</stem>
        <staff>1</staff>
        <notations>
          <tied type="stop"/>
          </notations>
        </note>
      <note>
        <rest/>
        <duration>4</duration>
        <voice>2</voice>
        <type>eighth</type>
        <staff>1</staff>
        </note>
      <note default-x="219.00" default-y="-50.00" dynamics="94.44">
        <pitch>
          <step>C</step>
          <alter>1</alter>
          <octave>4</octave>
          </pitch>
        <duration>2</duration>
        <voice>2</voice>
        <type>16th</type>
        <accidental>sharp</accidental>
        <stem>down</stem>
        <staff>1</staff>
        <beam number="1">begin</beam>
        <beam number="2">begin</beam>
        </note>
      <note default-x="248.44" default-y="-45.00" dynamics="94.44">
        <pitch>
          <step>D</step>
          <octave>4</octave>
          </pitch>
        <duration>2</duration>
        <voice>2</voice>
        <type>16th</type>
        <stem>down</stem>
        <staff>1</staff>
        <beam number="1">end</beam>
        <beam number="2">end</beam>
        </note>
      <note>
        <rest/>
        <duration>2</duration>
        <voice>2</voice>
        <type>16th</type>
        <staff>1</staff>
        </note>
      <note default-x="317.23" default-y="-30.00" dynamics="94.44">
        <pitch>
          <step>G</step>
          <octave>4</octave>
          </pitch>
        <duration>2</duration>
        <voice>2</voice>
        <type>16th</type>
        <stem>down</stem>
        <staff>1</staff>
        <beam number="1">begin</beam>
        <beam number="2">begin</beam>
        </note>
      <note default-x="346.66" default-y="-35.00" dynamics="94.44">
        <pitch>
          <step>F</step>
          <octave>4</octave>
          </pitch>
        <duration>2</duration>
        <voice>2</voice>
        <type>16th</type>
        <stem>down</stem>
        <staff>1</staff>
        <beam number="1">continue</beam>
        <beam number="2">continue</beam>
        </note>
      <note default-x="376.10" default-y="-40.00" dynamics="94.44">
        <pitch>
          <step>E</step>
          <octave>4</octave>
          </pitch>
        <duration>2</duration>
        <voice>2</voice>
        <type>16th</type>
        <stem>down</stem>
        <staff>1</staff>
        <beam number="1">end</beam>
        <beam number="2">end</beam>
        </note>
      <note>
        <rest/>
        <duration>2</duration>
        <voice>2</voice>
        <type>16th</type>
        <staff>1</staff>
        </note>
      <note default-x="434.98" default-y="-35.00" dynamics="94.44">
        <pitch>
          <step>F</step>
          <octave>4</octave>
          </pitch>
        <duration>6</duration>
        <tie type="start"/>
        <voice>2</voice>
        <type>eighth</type>
        <dot/>
        <stem>down</stem>
        <staff>1</staff>
        <notations>
          <tied type="start"/>
          </notations>
        </note>
      <backup>
        <duration>32</duration>
        </backup>
      <note default-x="17.30" default-y="-45.00" dynamics="94.44">
        <pitch>
          <step>D</step>
          <octave>4</octave>
          </pitch>
        <duration>16</duration>
        <tie type="stop"/>
        <voice>3</voice>
        <type>half</type>
        <stem>up</stem>
        <staff>1</staff>
        <notations>
          <tied type="stop"/>
          </notations>
        </note>
      <note>
        <rest/>
        <duration>16</duration>
        <voice>3</voice>
        <type>half</type>
        <staff>1</staff>
        </note>
      <backup>
        <duration>32</duration>
        </backup>
      <note>
        <rest/>
        <duration>8</duration>
        <voice>5</voice>
        <type>quarter</type>
        <staff>2</staff>
        </note>
      <backup>
        <duration>6</duration>
        </backup>
      <attributes>
        <clef number="2">
          <sign>G</sign>
          <line>2</line>
          </clef>
        </attributes>
      <forward>
        <duration>6</duration>
        </forward>
      <note>
        <rest/>
        <duration>2</duration>
        <voice>5</voice>
        <type>16th</type>
        <staff>2</staff>
        </note>
      <attributes>
        <clef number="2">
          <sign>F</sign>
          <line>4</line>
          </clef>
        </attributes>
      <note default-x="189.56" default-y="-75.00" dynamics="94.44">
        <pitch>
          <step>G</step>
          <octave>4</octave>
          </pitch>
        <duration>6</duration>
        <tie type="start"/>
        <voice>5</voice>
        <type>eighth</type>
        <dot/>
        <stem>up</stem>
        <staff>2</staff>
        <notations>
          <tied type="start"/>
          </notations>
        </note>
      <note default-x="290.93" default-y="-75.00" dynamics="94.44">
        <pitch>
          <step>G</step>
          <octave>4</octave>
          </pitch>
        <duration>2</duration>
        <tie type="stop"/>
        <voice>5</voice>
        <type>16th</type>
        <stem>up</stem>
        <staff>2</staff>
        <notations>
          <tied type="stop"/>
          </notations>
        </note>
      <note>
        <rest/>
        <duration>2</duration>
        <voice>5</voice>
        <type>16th</type>
        <staff>2</staff>
        </note>
      <note>
        <rest/>
        <duration>4</duration>
        <voice>5</voice>
        <type>eighth</type>
        <staff>2</staff>
        </note>
      <note>
        <rest/>
        <duration>8</duration>
        <voice>5</voice>
        <type>quarter</type>
        <staff>2</staff>
        </note>
      <backup>
        <duration>32</duration>
        </backup>
      <note>
        <rest/>
        <duration>2</duration>
        <voice>6</voice>
        <type>16th</type>
        <staff>2</staff>
        </note>
      <note default-x="56.67" default-y="-130.00" dynamics="94.44">
        <pitch>
          <step>A</step>
          <octave>4</octave>
          </pitch>
        <duration>2</duration>
        <voice>6</voice>
        <type>16th</type>
        <stem>down</stem>
        <staff>2</staff>
        <beam number="1">begin</beam>
        <beam number="2">begin</beam>
        </note>
      <note default-x="86.10" default-y="-135.00" dynamics="94.44">
        <pitch>
          <step>G</step>
          <octave>4</octave>
          </pitch>
        <duration>2</duration>
        <voice>6</voice>
        <type>16th</type>
        <stem>down</stem>
        <staff>2</staff>
        <beam number="1">continue</beam>
        <beam number="2">continue</beam>
        </note>
      <note default-x="115.54" default-y="-140.00" dynamics="94.44">
        <pitch>
          <step>F</step>
          <octave>4</octave>
          </pitch>
        <duration>2</duration>
        <voice>6</voice>
        <type>16th</type>
        <stem>down</stem>
        <staff>2</staff>
        <beam number="1">end</beam>
        <beam number="2">end</beam>
        </note>
      <note default-x="144.98" default-y="-145.00" dynamics="94.44">
        <pitch>
          <step>E</step>
          <octave>4</octave>
          </pitch>
        <duration>8</duration>
        <voice>6</voice>
        <type>quarter</type>
        <stem>down</stem>
        <staff>2</staff>
        <notations>
          <articulations>
            <staccato/>
            </articulations>
          </notations>
        </note>
      <note default-x="277.87" default-y="-105.00" dynamics="94.44">
        <pitch>
          <step>A</step>
          <octave>3</octave>
          </pitch>
        <duration>12</duration>
        <voice>6</voice>
        <type>quarter</type>
        <dot/>
        <stem>down</stem>
        <staff>2</staff>
        </note>
      <note default-x="464.41" default-y="-105.00" dynamics="94.44">
        <pitch>
          <step>A</step>
          <alter>-1</alter>
          <octave>3</octave>
          </pitch>
        <duration>2</duration>
        <voice>6</voice>
        <type>16th</type>
        <accidental>flat</accidental>
        <stem>down</stem>
        <staff>2</staff>
        <beam number="1">begin</beam>
        <beam number="2">begin</beam>
        </note>
      <note default-x="493.85" default-y="-105.00" dynamics="94.44">
        <pitch>
          <step>A</step>
          <octave>3</octave>
          </pitch>
        <duration>2</duration>
        <voice>6</voice>
        <type>16th</type>
        <accidental>natural</accidental>
        <stem>down</stem>
        <staff>2</staff>
        <beam number="1">end</beam>
        <beam number="2">end</beam>
        </note>
      <backup>
        <duration>32</duration>
        </backup>
      <note default-x="12.64" default-y="-135.00" dynamics="94.44">
        <pitch>
          <step>B</step>
          <alter>-1</alter>
          <octave>2</octave>
          </pitch>
        <duration>16</duration>
        <voice>7</voice>
        <type>half</type>
        <stem>up</stem>
        <staff>2</staff>
        </note>
      <note default-x="290.20" default-y="-140.00" dynamics="94.44">
        <pitch>
          <step>A</step>
          <octave>2</octave>
          </pitch>
        <duration>16</duration>
        <tie type="start"/>
        <voice>7</voice>
        <type>half</type>
        <stem>up</stem>
        <staff>2</staff>
        <notations>
          <tied type="start"/>
          </notations>
        </note>
      </measure>
    <measure number="8" width="484.54">
      <print new-system="yes">
        <system-layout>
          <system-margins>
            <left-margin>21.00</left-margin>
            <right-margin>0.00</right-margin>
            </system-margins>
          <system-distance>150.00</system-distance>
          </system-layout>
        <staff-layout number="2">
          <staff-distance>65.00</staff-distance>
          </staff-layout>
        </print>
      <note default-x="85.79" default-y="-45.00" dynamics="94.44">
        <pitch>
          <step>D</step>
          <octave>4</octave>
          </pitch>
        <duration>4</duration>
        <tie type="stop"/>
        <voice>1</voice>
        <type>eighth</type>
        <stem>up</stem>
        <staff>1</staff>
        <notations>
          <tied type="stop"/>
          </notations>
        </note>
      <note>
        <rest/>
        <duration>4</duration>
        <voice>1</voice>
        <type>eighth</type>
        <staff>1</staff>
        </note>
      <note default-x="186.05" default-y="-20.00" dynamics="94.44">
        <pitch>
          <step>B</step>
          <octave>4</octave>
          </pitch>
        <duration>8</duration>
        <voice>1</voice>
        <type>quarter</type>
        <accidental>natural</accidental>
        <stem>up</stem>
        <staff>1</staff>
        </note>
      <note default-x="281.98" default-y="-25.00" dynamics="94.44">
        <pitch>
          <step>A</step>
          <octave>4</octave>
          </pitch>
        <duration>8</duration>
        <voice>1</voice>
        <type>quarter</type>
        <stem>up</stem>
        <staff>1</staff>
        </note>
      <note default-x="377.91" default-y="-30.00" dynamics="94.44">
        <pitch>
          <step>G</step>
          <octave>4</octave>
          </pitch>
        <duration>8</duration>
        <voice>1</voice>
        <type>quarter</type>
        <stem>up</stem>
        <staff>1</staff>
        </note>
      <backup>
        <duration>32</duration>
        </backup>
      <note default-x="81.49" default-y="-35.00" dynamics="94.44">
        <pitch>
          <step>F</step>
          <octave>4</octave>
          </pitch>
        <duration>2</duration>
        <tie type="stop"/>
        <voice>2</voice>
        <type>16th</type>
        <stem>down</stem>
        <staff>1</staff>
        <beam number="1">begin</beam>
        <beam number="2">begin</beam>
        <notations>
          <tied type="stop"/>
          </notations>
        </note>
      <note default-x="111.06" default-y="-35.00" dynamics="94.44">
        <pitch>
          <step>F</step>
          <octave>4</octave>
          </pitch>
        <duration>2</duration>
        <voice>2</voice>
        <type>16th</type>
        <stem>down</stem>
        <staff>1</staff>
        <beam number="1">continue</beam>
        <beam number="2">continue</beam>
        </note>
      <note default-x="135.04" default-y="-40.00" dynamics="94.44">
        <pitch>
          <step>E</step>
          <octave>4</octave>
          </pitch>
        <duration>2</duration>
        <voice>2</voice>
        <type>16th</type>
        <stem>down</stem>
        <staff>1</staff>
        <beam number="1">continue</beam>
        <beam number="2">continue</beam>
        </note>
      <note default-x="159.03" default-y="-45.00" dynamics="94.44">
        <pitch>
          <step>D</step>
          <octave>4</octave>
          </pitch>
        <duration>2</duration>
        <voice>2</voice>
        <type>16th</type>
        <stem>down</stem>
        <staff>1</staff>
        <beam number="1">end</beam>
        <beam number="2">end</beam>
        </note>
      <note>
        <rest/>
        <duration>2</duration>
        <voice>2</voice>
        <type>16th</type>
        <staff>1</staff>
        </note>
      <note default-x="210.03" default-y="-40.00" dynamics="94.44">
        <pitch>
          <step>E</step>
          <octave>4</octave>
          </pitch>
        <duration>2</duration>
        <voice>2</voice>
        <type>16th</type>
        <stem>down</stem>
        <staff>1</staff>
        <beam number="1">begin</beam>
        <beam number="2">begin</beam>
        </note>
      <note default-x="234.01" default-y="-35.00" dynamics="94.44">
        <pitch>
          <step>F</step>
          <octave>4</octave>
          </pitch>
        <duration>2</duration>
        <voice>2</voice>
        <type>16th</type>
        <stem>down</stem>
        <staff>1</staff>
        <beam number="1">continue</beam>
        <beam number="2">continue</beam>
        </note>
      <note default-x="258.00" default-y="-45.00" dynamics="94.44">
        <pitch>
          <step>D</step>
          <octave>4</octave>
          </pitch>
        <duration>2</duration>
        <voice>2</voice>
        <type>16th</type>
        <stem>down</stem>
        <staff>1</staff>
        <beam number="1">end</beam>
        <beam number="2">end</beam>
        </note>
      <note>
        <rest/>
        <duration>2</duration>
        <voice>2</voice>
        <type>16th</type>
        <staff>1</staff>
        </note>
      <note default-x="305.96" default-y="-40.00" dynamics="94.44">
        <pitch>
          <step>E</step>
          <octave>4</octave>
          </pitch>
        <duration>2</duration>
        <voice>2</voice>
        <type>16th</type>
        <stem>down</stem>
        <staff>1</staff>
        <beam number="1">begin</beam>
        <beam number="2">begin</beam>
        </note>
      <note default-x="329.94" default-y="-35.00" dynamics="94.44">
        <pitch>
          <step>F</step>
          <octave>4</octave>
          </pitch>
        <duration>2</duration>
        <voice>2</voice>
        <type>16th</type>
        <stem>down</stem>
        <staff>1</staff>
        <beam number="1">continue</beam>
        <beam number="2">continue</beam>
        </note>
      <note default-x="353.93" default-y="-45.00" dynamics="94.44">
        <pitch>
          <step>D</step>
          <octave>4</octave>
          </pitch>
        <duration>2</duration>
        <voice>2</voice>
        <type>16th</type>
        <stem>down</stem>
        <staff>1</staff>
        <beam number="1">end</beam>
        <beam number="2">end</beam>
        </note>
      <note>
        <rest/>
        <duration>2</duration>
        <voice>2</voice>
        <type>16th</type>
        <staff>1</staff>
        </note>
      <note default-x="401.89" default-y="-40.00" dynamics="94.44">
        <pitch>
          <step>E</step>
          <octave>4</octave>
          </pitch>
        <duration>2</duration>
        <voice>2</voice>
        <type>16th</type>
        <stem>down</stem>
        <staff>1</staff>
        <beam number="1">begin</beam>
        <beam number="2">begin</beam>
        </note>
      <note default-x="425.87" default-y="-35.00" dynamics="94.44">
        <pitch>
          <step>F</step>
          <octave>4</octave>
          </pitch>
        <duration>2</duration>
        <voice>2</voice>
        <type>16th</type>
        <stem>down</stem>
        <staff>1</staff>
        <beam number="1">continue</beam>
        <beam number="2">continue</beam>
        </note>
      <note default-x="458.96" default-y="-50.00" dynamics="94.44">
        <pitch>
          <step>C</step>
          <alter>1</alter>
          <octave>4</octave>
          </pitch>
        <duration>2</duration>
        <voice>2</voice>
        <type>16th</type>
        <accidental>sharp</accidental>
        <stem>down</stem>
        <staff>1</staff>
        <beam number="1">end</beam>
        <beam number="2">end</beam>
        </note>
      <backup>
        <duration>32</duration>
        </backup>
      <note>
        <rest/>
        <duration>32</duration>
        <voice>5</voice>
        <staff>2</staff>
        </note>
      <backup>
        <duration>32</duration>
        </backup>
      <note default-x="81.12" default-y="-105.00" dynamics="94.44">
        <pitch>
          <step>A</step>
          <alter>-1</alter>
          <octave>3</octave>
          </pitch>
        <duration>16</duration>
        <voice>6</voice>
        <type>half</type>
        <accidental>flat</accidental>
        <stem>down</stem>
        <staff>2</staff>
        </note>
      <note default-x="281.98" default-y="-130.00" dynamics="94.44">
        <pitch>
          <step>C</step>
          <alter>1</alter>
          <octave>3</octave>
          </pitch>
        <duration>4</duration>
        <voice>6</voice>
        <type>eighth</type>
        <accidental>sharp</accidental>
        <stem>down</stem>
        <staff>2</staff>
        <beam number="1">begin</beam>
        </note>
      <note default-x="281.98" default-y="-110.00" dynamics="94.44">
        <chord/>
        <pitch>
          <step>G</step>
          <octave>3</octave>
          </pitch>
        <duration>4</duration>
        <voice>6</voice>
        <type>eighth</type>
        <stem>down</stem>
        <staff>2</staff>
        </note>
      <note default-x="329.94" default-y="-125.00" dynamics="94.44">
        <pitch>
          <step>D</step>
          <octave>3</octave>
          </pitch>
        <duration>4</duration>
        <voice>6</voice>
        <type>eighth</type>
        <stem>down</stem>
        <staff>2</staff>
        <beam number="1">end</beam>
        </note>
      <note default-x="329.94" default-y="-115.00" dynamics="94.44">
        <chord/>
        <pitch>
          <step>F</step>
          <octave>3</octave>
          </pitch>
        <duration>4</duration>
        <voice>6</voice>
        <type>eighth</type>
        <stem>down</stem>
        <staff>2</staff>
        </note>
      <note default-x="377.91" default-y="-120.00" dynamics="94.44">
        <pitch>
          <step>E</step>
          <octave>3</octave>
          </pitch>
        <duration>8</duration>
        <voice>6</voice>
        <type>quarter</type>
        <stem>down</stem>
        <staff>2</staff>
        </note>
      <backup>
        <duration>32</duration>
        </backup>
      <note default-x="85.79" default-y="-140.00" dynamics="94.44">
        <pitch>
          <step>A</step>
          <octave>2</octave>
          </pitch>
        <duration>16</duration>
        <tie type="stop"/>
        <voice>7</voice>
        <type>half</type>
        <stem>up</stem>
        <staff>2</staff>
        <notations>
          <tied type="stop"/>
          </notations>
        </note>
      <note default-x="286.28" default-y="-140.00" dynamics="94.44">
        <pitch>
          <step>A</step>
          <octave>2</octave>
          </pitch>
        <duration>16</duration>
        <voice>7</voice>
        <type>half</type>
        <stem>up</stem>
        <staff>2</staff>
        </note>
      </measure>
    <measure number="9" width="421.87">
      <note default-x="18.42" default-y="-35.00" dynamics="94.44">
        <pitch>
          <step>F</step>
          <alter>1</alter>
          <octave>4</octave>
          </pitch>
        <duration>8</duration>
        <voice>1</voice>
        <type>quarter</type>
        <accidental>sharp</accidental>
        <stem>up</stem>
        <staff>1</staff>
        </note>
      <note>
        <rest/>
        <duration>8</duration>
        <voice>1</voice>
        <type>quarter</type>
        <staff>1</staff>
        </note>
      <note>
        <rest/>
        <duration>8</duration>
        <voice>1</voice>
        <type>quarter</type>
        <staff>1</staff>
        </note>
      <note default-x="326.06" default-y="-5.00" dynamics="94.44">
        <pitch>
          <step>E</step>
          <octave>5</octave>
          </pitch>
        <duration>8</duration>
        <voice>1</voice>
        <type>quarter</type>
        <stem>up</stem>
        <staff>1</staff>
        </note>
      <backup>
        <duration>32</duration>
        </backup>
      <note>
        <rest/>
        <duration>2</duration>
        <voice>2</voice>
        <type>16th</type>
        <staff>1</staff>
        </note>
      <note default-x="41.97" default-y="-40.00" dynamics="94.44">
        <pitch>
          <step>E</step>
          <octave>4</octave>
          </pitch>
        <duration>2</duration>
        <voice>2</voice>
        <type>16th</type>
        <stem>down</stem>
        <staff>1</staff>
        <beam number="1">begin</beam>
        <beam number="2">begin</beam>
        </note>
      <note default-x="65.52" default-y="-45.00" dynamics="94.44">
        <pitch>
          <step>D</step>
          <octave>4</octave>
          </pitch>
        <duration>2</duration>
        <voice>2</voice>
        <type>16th</type>
        <stem>down</stem>
        <staff>1</staff>
        <beam number="1">continue</beam>
        <beam number="2">continue</beam>
        </note>
      <note default-x="89.07" default-y="-50.00" dynamics="94.44">
        <pitch>
          <step>C</step>
          <octave>4</octave>
          </pitch>
        <duration>2</duration>
        <voice>2</voice>
        <type>16th</type>
        <stem>down</stem>
        <staff>1</staff>
        <beam number="1">end</beam>
        <beam number="2">end</beam>
        </note>
      <note default-x="112.62" default-y="-30.00" dynamics="94.44">
        <pitch>
          <step>G</step>
          <octave>4</octave>
          </pitch>
        <duration>8</duration>
        <voice>2</voice>
        <type>quarter</type>
        <stem>down</stem>
        <staff>1</staff>
        </note>
      <note>
        <rest/>
        <duration>4</duration>
        <voice>2</voice>
        <type>eighth</type>
        <staff>1</staff>
        </note>
      <note default-x="278.96" default-y="-30.00" dynamics="94.44">
        <pitch>
          <step>G</step>
          <octave>4</octave>
          </pitch>
        <duration>2</duration>
        <voice>2</voice>
        <type>16th</type>
        <stem>down</stem>
        <staff>1</staff>
        <beam number="1">begin</beam>
        <beam number="2">begin</beam>
        </note>
      <note default-x="302.51" default-y="-20.00" dynamics="94.44">
        <pitch>
          <step>B</step>
          <alter>-1</alter>
          <octave>4</octave>
          </pitch>
        <duration>2</duration>
        <voice>2</voice>
        <type>16th</type>
        <stem>down</stem>
        <staff>1</staff>
        <beam number="1">end</beam>
        <beam number="2">end</beam>
        </note>
      <note>
        <rest/>
        <duration>2</duration>
        <voice>2</voice>
        <type>16th</type>
        <staff>1</staff>
        </note>
      <note default-x="349.62" default-y="-20.00" dynamics="94.44">
        <pitch>
          <step>B</step>
          <alter>-1</alter>
          <octave>4</octave>
          </pitch>
        <duration>2</duration>
        <voice>2</voice>
        <type>16th</type>
        <stem>down</stem>
        <staff>1</staff>
        <beam number="1">begin</beam>
        <beam number="2">begin</beam>
        </note>
      <note default-x="373.17" default-y="-25.00" dynamics="94.44">
        <pitch>
          <step>A</step>
          <octave>4</octave>
          </pitch>
        <duration>2</duration>
        <voice>2</voice>
        <type>16th</type>
        <stem>down</stem>
        <staff>1</staff>
        <beam number="1">continue</beam>
        <beam number="2">continue</beam>
        </note>
      <note default-x="396.72" default-y="-30.00" dynamics="94.44">
        <pitch>
          <step>G</step>
          <octave>4</octave>
          </pitch>
        <duration>2</duration>
        <voice>2</voice>
        <type>16th</type>
        <stem>down</stem>
        <staff>1</staff>
        <beam number="1">end</beam>
        <beam number="2">end</beam>
        </note>
      <backup>
        <duration>32</duration>
        </backup>
      <note>
        <rest/>
        <duration>8</duration>
        <voice>5</voice>
        <type>quarter</type>
        <staff>2</staff>
        </note>
      <note>
        <rest/>
        <duration>2</duration>
        <voice>5</voice>
        <type>16th</type>
        <staff>2</staff>
        </note>
      <note default-x="136.17" default-y="-90.00" dynamics="94.44">
        <pitch>
          <step>D</step>
          <octave>4</octave>
          </pitch>
        <duration>6</duration>
        <voice>5</voice>
        <type>eighth</type>
        <dot/>
        <stem>up</stem>
        <staff>2</staff>
        </note>
      <note>
        <rest/>
        <duration>16</duration>
        <voice>5</voice>
        <type>half</type>
        <staff>2</staff>
        </note>
      <backup>
        <duration>32</duration>
        </backup>
      <note>
        <rest/>
        <duration>8</duration>
        <voice>6</voice>
        <type>quarter</type>
        <staff>2</staff>
        </note>
      <note default-x="112.62" default-y="-100.00" dynamics="94.44">
        <pitch>
          <step>B</step>
          <alter>-1</alter>
          <octave>3</octave>
          </pitch>
        <duration>4</duration>
        <voice>6</voice>
        <type>eighth</type>
        <stem>down</stem>
        <staff>2</staff>
        <beam number="1">begin</beam>
        <notations>
          <articulations>
            <staccato/>
            </articulations>
          </notations>
        </note>
      <note default-x="176.86" default-y="-115.00" dynamics="94.44">
        <pitch>
          <step>F</step>
          <alter>1</alter>
          <octave>3</octave>
          </pitch>
        <duration>2</duration>
        <voice>6</voice>
        <type>16th</type>
        <accidental>sharp</accidental>
        <stem>down</stem>
        <staff>2</staff>
        <beam number="1">continue</beam>
        <beam number="2">begin</beam>
        </note>
      <note default-x="200.42" default-y="-110.00" dynamics="94.44">
        <pitch>
          <step>G</step>
          <octave>3</octave>
          </pitch>
        <duration>2</duration>
        <voice>6</voice>
        <type>16th</type>
        <stem>down</stem>
        <staff>2</staff>
        <beam number="1">end</beam>
        <beam number="2">end</beam>
        </note>
      <note>
        <rest/>
        <duration>2</duration>
        <voice>6</voice>
        <type>16th</type>
        <staff>2</staff>
        </note>
      <note default-x="255.41" default-y="-100.00" dynamics="94.44">
        <pitch>
          <step>B</step>
          <alter>-1</alter>
          <octave>3</octave>
          </pitch>
        <duration>6</duration>
        <tie type="start"/>
        <voice>6</voice>
        <type>eighth</type>
        <dot/>
        <stem>down</stem>
        <staff>2</staff>
        <notations>
          <tied type="start"/>
          </notations>
        </note>
      <note default-x="326.06" default-y="-100.00" dynamics="94.44">
        <pitch>
          <step>B</step>
          <alter>-1</alter>
          <octave>3</octave>
          </pitch>
        <duration>8</duration>
        <tie type="stop"/>
        <voice>6</voice>
        <type>quarter</type>
        <stem>down</stem>
        <staff>2</staff>
        <notations>
          <tied type="stop"/>
          </notations>
        </note>
      <backup>
        <duration>32</duration>
        </backup>
      <note default-x="18.05" default-y="-160.00" dynamics="94.44">
        <pitch>
          <step>D</step>
          <octave>2</octave>
          </pitch>
        <duration>16</duration>
        <voice>7</voice>
        <type>half</type>
        <stem>up</stem>
        <staff>2</staff>
        </note>
      <note default-x="18.05" default-y="-125.00" dynamics="94.44">
        <chord/>
        <pitch>
          <step>D</step>
          <octave>3</octave>
          </pitch>
        <duration>16</duration>
        <voice>7</voice>
        <type>half</type>
        <stem>up</stem>
        <staff>2</staff>
        </note>
      <note default-x="231.50" default-y="-130.00" dynamics="94.44">
        <pitch>
          <step>C</step>
          <alter>1</alter>
          <octave>3</octave>
          </pitch>
        <duration>16</duration>
        <voice>7</voice>
        <type>half</type>
        <accidental>sharp</accidental>
        <stem>up</stem>
        <staff>2</staff>
        </note>
      </measure>
    <measure number="10" width="149.76">
      <note default-x="12.00" default-y="-35.00" dynamics="94.44">
        <pitch>
          <step>F</step>
          <octave>4</octave>
          </pitch>
        <duration>32</duration>
        <voice>1</voice>
        <type>whole</type>
        <staff>1</staff>
        </note>
      <note default-x="12.00" default-y="-10.00" dynamics="94.44">
        <chord/>
        <pitch>
          <step>D</step>
          <octave>5</octave>
          </pitch>
        <duration>32</duration>
        <voice>1</voice>
        <type>whole</type>
        <staff>1</staff>
        </note>
      <backup>
        <duration>32</duration>
        </backup>
      <note default-x="12.00" default-y="-125.00" dynamics="94.44">
        <pitch>
          <step>D</step>
          <octave>3</octave>
          </pitch>
        <duration>32</duration>
        <voice>5</voice>
        <type>whole</type>
        <staff>2</staff>
        </note>
      <note default-x="12.00" default-y="-105.00" dynamics="94.44">
        <chord/>
        <pitch>
          <step>A</step>
          <octave>3</octave>
          </pitch>
        <duration>32</duration>
        <voice>5</voice>
        <type>whole</type>
        <staff>2</staff>
        </note>
      </measure>
    </part>
  </score-partwise>
