<?xml version="1.0" encoding="UTF-8"?>
<!DOCTYPE score-partwise PUBLIC "-//Recordare//DTD MusicXML 3.0 Partwise//EN" "http://www.musicxml.org/dtds/partwise.dtd">
<score-partwise>
  <identification>
    <encoding>
      <software>MuseScore 2.1.0</software>
      <encoding-date>2018-01-01</encoding-date>
      <supports element="accidental" type="yes"/>
      <supports element="beam" type="yes"/>
      <supports element="print" attribute="new-page" type="yes" value="yes"/>
      <supports element="print" attribute="new-system" type="yes" value="yes"/>
      <supports element="stem" type="yes"/>
      </encoding>
    </identification>
  <defaults>
    <scaling>
      <millimeters>7.05556</millimeters>
      <tenths>40</tenths>
      </scaling>
    <page-layout>
      <page-height>1683.78</page-height>
      <page-width>1190.55</page-width>
      <page-margins type="even">
        <left-margin>56.6929</left-margin>
        <right-margin>56.6929</right-margin>
        <top-margin>56.6929</top-margin>
        <bottom-margin>113.386</bottom-margin>
        </page-margins>
      <page-margins type="odd">
        <left-margin>56.6929</left-margin>
        <right-margin>56.6929</right-margin>
        <top-margin>56.6929</top-margin>
        <bottom-margin>113.386</bottom-margin>
        </page-margins>
      </page-layout>
    <word-font font-family="FreeSerif" font-size="10"/>
    <lyric-font font-family="FreeSerif" font-size="11"/>
    </defaults>
  <part-list>
    <score-part id="P1">
      <part-name>Piano, Sopran</part-name>
      <part-abbreviation>Pno.</part-abbreviation>
      <score-instrument id="P1-I1">
        <instrument-name>Piano</instrument-name>
        </score-instrument>
      <midi-device id="P1-I1" port="1"></midi-device>
      <midi-instrument id="P1-I1">
        <midi-channel>1</midi-channel>
        <midi-program>2</midi-program>
        <volume>100</volume>
        <pan>0</pan>
        </midi-instrument>
      </score-part>
    <score-part id="P2">
      <part-name>Piano</part-name>
      <part-abbreviation>Pno.</part-abbreviation>
      <score-instrument id="P2-I1">
        <instrument-name>Piano</instrument-name>
        </score-instrument>
      <midi-device id="P2-I1" port="1"></midi-device>
      <midi-instrument id="P2-I1">
        <midi-channel>2</midi-channel>
        <midi-program>2</midi-program>
        <volume>100</volume>
        <pan>0</pan>
        </midi-instrument>
      </score-part>
    <score-part id="P3">
      <part-name>Piano, Tenor</part-name>
      <part-abbreviation>Pno.</part-abbreviation>
      <score-instrument id="P3-I1">
        <instrument-name>Piano</instrument-name>
        </score-instrument>
      <midi-device id="P3-I1" port="1"></midi-device>
      <midi-instrument id="P3-I1">
        <midi-channel>3</midi-channel>
        <midi-program>2</midi-program>
        <volume>100</volume>
        <pan>0</pan>
        </midi-instrument>
      </score-part>
    <score-part id="P4">
      <part-name>Piano</part-name>
      <part-abbreviation>Pno.</part-abbreviation>
      <score-instrument id="P4-I1">
        <instrument-name>Piano</instrument-name>
        </score-instrument>
      <midi-device id="P4-I1" port="1"></midi-device>
      <midi-instrument id="P4-I1">
        <midi-channel>4</midi-channel>
        <midi-program>2</midi-program>
        <volume>100</volume>
        <pan>0</pan>
        </midi-instrument>
      </score-part>
    </part-list>
  <part id="P1">
    <measure number="1" width="272.85">
      <print>
        <system-layout>
          <system-margins>
            <left-margin>143.28</left-margin>
            <right-margin>0.00</right-margin>
            </system-margins>
          <top-system-distance>70.00</top-system-distance>
          </system-layout>
        </print>
      <attributes>
        <divisions>2</divisions>
        <key>
          <fifths>-3</fifths>
          </key>
        <time>
          <beats>4</beats>
          <beat-type>4</beat-type>
          </time>
        <clef>
          <sign>G</sign>
          <line>2</line>
          </clef>
        </attributes>
      <direction placement="above">
        <direction-type>
          <metronome parentheses="no">
            <beat-unit>quarter</beat-unit>
            <per-minute>100</per-minute>
            </metronome>
          </direction-type>
        <sound tempo="100"/>
        </direction>
      <note default-x="106.46" default-y="-30.00" dynamics="100.00">
        <pitch>
          <step>G</step>
          <octave>4</octave>
          </pitch>
        <duration>2</duration>
        <voice>1</voice>
        <type>quarter</type>
        <stem>up</stem>
        </note>
      <note default-x="146.92" default-y="-25.00" dynamics="100.00">
        <pitch>
          <step>A</step>
          <alter>-1</alter>
          <octave>4</octave>
          </pitch>
        <duration>2</duration>
        <voice>1</voice>
        <type>quarter</type>
        <stem>up</stem>
        </note>
      <note default-x="187.39" default-y="-20.00" dynamics="100.00">
        <pitch>
          <step>B</step>
          <alter>-1</alter>
          <octave>4</octave>
          </pitch>
        <duration>2</duration>
        <voice>1</voice>
        <type>quarter</type>
        <stem>down</stem>
        </note>
      <note default-x="227.85" default-y="-20.00" dynamics="100.00">
        <pitch>
          <step>B</step>
          <alter>-1</alter>
          <octave>4</octave>
          </pitch>
        <duration>2</duration>
        <voice>1</voice>
        <type>quarter</type>
        <stem>down</stem>
        </note>
      </measure>
    <measure number="2" width="142.12">
      <note default-x="12.00" default-y="-40.00" dynamics="100.00">
        <pitch>
          <step>E</step>
          <alter>-1</alter>
          <octave>4</octave>
          </pitch>
        <duration>2</duration>
        <voice>1</voice>
        <type>quarter</type>
        <stem>up</stem>
        </note>
      <note default-x="53.46" default-y="-35.00" dynamics="100.00">
        <pitch>
          <step>F</step>
          <octave>4</octave>
          </pitch>
        <duration>2</duration>
        <voice>1</voice>
        <type>quarter</type>
        <stem>up</stem>
        </note>
      <note default-x="94.56" default-y="-30.00" dynamics="100.00">
        <pitch>
          <step>G</step>
          <octave>4</octave>
          </pitch>
        <duration>4</duration>
        <voice>1</voice>
        <type>half</type>
        <stem>up</stem>
        </note>
      </measure>
    <measure number="3" width="188.40">
      <note default-x="12.00" default-y="-15.00" dynamics="100.00">
        <pitch>
          <step>C</step>
          <octave>5</octave>
          </pitch>
        <duration>2</duration>
        <voice>1</voice>
        <type>quarter</type>
        <stem>down</stem>
        </note>
      <note default-x="55.32" default-y="-10.00" dynamics="100.00">
        <pitch>
          <step>D</step>
          <octave>5</octave>
          </pitch>
        <duration>2</duration>
        <voice>1</voice>
        <type>quarter</type>
        <stem>down</stem>
        </note>
      <note default-x="98.65" default-y="-5.00" dynamics="100.00">
        <pitch>
          <step>E</step>
          <alter>-1</alter>
          <octave>5</octave>
          </pitch>
        <duration>2</duration>
        <voice>1</voice>
        <type>quarter</type>
        <stem>down</stem>
        </note>
      <note default-x="141.97" default-y="-30.00" dynamics="100.00">
        <pitch>
          <step>G</step>
          <octave>4</octave>
          </pitch>
        <duration>2</duration>
        <voice>1</voice>
        <type>quarter</type>
        <stem>up</stem>
        </note>
      </measure>
    <measure number="4" width="142.12">
      <note default-x="12.00" default-y="-35.00" dynamics="100.00">
        <pitch>
          <step>F</step>
          <octave>4</octave>
          </pitch>
        <duration>4</duration>
        <voice>1</voice>
        <type>half</type>
        <stem>up</stem>
        </note>
      <note default-x="94.68" default-y="-40.00" dynamics="100.00">
        <pitch>
          <step>E</step>
          <alter>-1</alter>
          <octave>4</octave>
          </pitch>
        <duration>4</duration>
        <voice>1</voice>
        <type>half</type>
        <stem>up</stem>
        </note>
      </measure>
    <measure number="5" width="188.40">
      <note default-x="12.00" default-y="-30.00" dynamics="100.00">
        <pitch>
          <step>G</step>
          <octave>4</octave>
          </pitch>
        <duration>2</duration>
        <voice>1</voice>
        <type>quarter</type>
        <stem>up</stem>
        </note>
      <note default-x="55.32" default-y="-25.00" dynamics="100.00">
        <pitch>
          <step>A</step>
          <alter>-1</alter>
          <octave>4</octave>
          </pitch>
        <duration>2</duration>
        <voice>1</voice>
        <type>quarter</type>
        <stem>up</stem>
        </note>
      <note default-x="98.65" default-y="-20.00" dynamics="100.00">
        <pitch>
          <step>B</step>
          <alter>-1</alter>
          <octave>4</octave>
          </pitch>
        <duration>2</duration>
        <voice>1</voice>
        <type>quarter</type>
        <stem>down</stem>
        </note>
      <note default-x="141.97" default-y="-20.00" dynamics="100.00">
        <pitch>
          <step>B</step>
          <alter>-1</alter>
          <octave>4</octave>
          </pitch>
        <duration>2</duration>
        <voice>1</voice>
        <type>quarter</type>
        <stem>down</stem>
        </note>
      </measure>
    <measure number="6" width="241.66">
      <print new-system="yes">
        <system-layout>
          <system-margins>
            <left-margin>53.31</left-margin>
            <right-margin>0.00</right-margin>
            </system-margins>
          <system-distance>150.00</system-distance>
          </system-layout>
        </print>
      <note default-x="85.36" default-y="-40.00" dynamics="100.00">
        <pitch>
          <step>E</step>
          <alter>-1</alter>
          <octave>4</octave>
          </pitch>
        <duration>2</duration>
        <voice>1</voice>
        <type>quarter</type>
        <stem>up</stem>
        </note>
      <note default-x="135.26" default-y="-35.00" dynamics="100.00">
        <pitch>
          <step>F</step>
          <octave>4</octave>
          </pitch>
        <duration>2</duration>
        <voice>1</voice>
        <type>quarter</type>
        <stem>up</stem>
        </note>
      <note default-x="184.80" default-y="-30.00" dynamics="100.00">
        <pitch>
          <step>G</step>
          <octave>4</octave>
          </pitch>
        <duration>4</duration>
        <voice>1</voice>
        <type>half</type>
        <stem>up</stem>
        </note>
      </measure>
    <measure number="7" width="224.58">
      <note default-x="12.00" default-y="-15.00" dynamics="100.00">
        <pitch>
          <step>C</step>
          <octave>5</octave>
          </pitch>
        <duration>2</duration>
        <voice>1</voice>
        <type>quarter</type>
        <stem>down</stem>
        </note>
      <note default-x="64.74" default-y="-10.00" dynamics="100.00">
        <pitch>
          <step>D</step>
          <octave>5</octave>
          </pitch>
        <duration>2</duration>
        <voice>1</voice>
        <type>quarter</type>
        <stem>down</stem>
        </note>
      <note default-x="117.49" default-y="-5.00" dynamics="100.00">
        <pitch>
          <step>E</step>
          <alter>-1</alter>
          <octave>5</octave>
          </pitch>
        <duration>2</duration>
        <voice>1</voice>
        <type>quarter</type>
        <stem>down</stem>
        </note>
      <note default-x="170.23" default-y="-30.00" dynamics="100.00">
        <pitch>
          <step>G</step>
          <octave>4</octave>
          </pitch>
        <duration>2</duration>
        <voice>1</voice>
        <type>quarter</type>
        <stem>up</stem>
        </note>
      </measure>
    <measure number="8" width="178.30">
      <note default-x="12.00" default-y="-35.00" dynamics="100.00">
        <pitch>
          <step>F</step>
          <octave>4</octave>
          </pitch>
        <duration>4</duration>
        <voice>1</voice>
        <type>half</type>
        <stem>up</stem>
        </note>
      <note default-x="118.03" default-y="-40.00" dynamics="100.00">
        <pitch>
          <step>E</step>
          <alter>-1</alter>
          <octave>4</octave>
          </pitch>
        <duration>4</duration>
        <voice>1</voice>
        <type>half</type>
        <stem>up</stem>
        </note>
      </measure>
    <measure number="9" width="178.30">
      <note default-x="12.00" default-y="-20.00" dynamics="100.00">
        <pitch>
          <step>B</step>
          <alter>-1</alter>
          <octave>4</octave>
          </pitch>
        <duration>2</duration>
        <voice>1</voice>
        <type>quarter</type>
        <stem>down</stem>
        </note>
      <note default-x="65.13" default-y="-35.00" dynamics="100.00">
        <pitch>
          <step>F</step>
          <octave>4</octave>
          </pitch>
        <duration>2</duration>
        <voice>1</voice>
        <type>quarter</type>
        <stem>up</stem>
        </note>
      <note default-x="117.90" default-y="-30.00" dynamics="100.00">
        <pitch>
          <step>G</step>
          <octave>4</octave>
          </pitch>
        <duration>4</duration>
        <voice>1</voice>
        <type>half</type>
        <stem>up</stem>
        </note>
      </measure>
    <measure number="10" width="201.01">
      <note default-x="14.36" default-y="-15.00" dynamics="100.00">
        <pitch>
          <step>C</step>
          <octave>5</octave>
          </pitch>
        <duration>3</duration>
        <voice>1</voice>
        <type>quarter</type>
        <dot/>
        <stem>down</stem>
        </note>
      <note default-x="103.90" default-y="-20.00" dynamics="100.00">
        <pitch>
          <step>B</step>
          <alter>-1</alter>
          <octave>4</octave>
          </pitch>
        <duration>1</duration>
        <voice>1</voice>
        <type>eighth</type>
        <stem>down</stem>
        </note>
      <note default-x="133.39" default-y="-25.00" dynamics="100.00">
        <pitch>
          <step>A</step>
          <octave>4</octave>
          </pitch>
        <duration>4</duration>
        <voice>1</voice>
        <type>half</type>
        <accidental>natural</accidental>
        <stem>up</stem>
        </note>
      </measure>
    <measure number="11" width="399.74">
      <print new-system="yes">
        <system-layout>
          <system-margins>
            <left-margin>53.31</left-margin>
            <right-margin>0.00</right-margin>
            </system-margins>
          <system-distance>150.00</system-distance>
          </system-layout>
        </print>
      <note default-x="85.36" default-y="-20.00" dynamics="100.00">
        <pitch>
          <step>B</step>
          <alter>-1</alter>
          <octave>4</octave>
          </pitch>
        <duration>2</duration>
        <voice>1</voice>
        <type>quarter</type>
        <stem>down</stem>
        </note>
      <note default-x="164.25" default-y="-35.00" dynamics="100.00">
        <pitch>
          <step>F</step>
          <octave>4</octave>
          </pitch>
        <duration>2</duration>
        <voice>1</voice>
        <type>quarter</type>
        <stem>up</stem>
        </note>
      <note default-x="235.43" default-y="-30.00" dynamics="100.00">
        <pitch>
          <step>G</step>
          <octave>4</octave>
          </pitch>
        <duration>1</duration>
        <voice>1</voice>
        <type>eighth</type>
        <stem>up</stem>
        <beam number="1">begin</beam>
        </note>
      <note default-x="271.02" default-y="-25.00" dynamics="100.00">
        <pitch>
          <step>A</step>
          <octave>4</octave>
          </pitch>
        <duration>1</duration>
        <voice>1</voice>
        <type>eighth</type>
        <accidental>natural</accidental>
        <stem>up</stem>
        <beam number="1">end</beam>
        </note>
      <note default-x="306.61" default-y="-20.00" dynamics="100.00">
        <pitch>
          <step>B</step>
          <alter>-1</alter>
          <octave>4</octave>
          </pitch>
        <duration>2</duration>
        <voice>1</voice>
        <type>quarter</type>
        <stem>down</stem>
        </note>
      </measure>
    <measure number="12" width="182.17">
      <note default-x="12.36" default-y="-20.00" dynamics="100.00">
        <pitch>
          <step>B</step>
          <alter>-1</alter>
          <octave>4</octave>
          </pitch>
        <duration>2</duration>
        <voice>1</voice>
        <type>quarter</type>
        <stem>down</stem>
        </note>
      <note default-x="70.36" default-y="-25.00" dynamics="100.00">
        <pitch>
          <step>A</step>
          <octave>4</octave>
          </pitch>
        <duration>2</duration>
        <voice>1</voice>
        <type>quarter</type>
        <accidental>natural</accidental>
        <stem>up</stem>
        </note>
      <note default-x="116.41" default-y="-20.00" dynamics="100.00">
        <pitch>
          <step>B</step>
          <alter>-1</alter>
          <octave>4</octave>
          </pitch>
        <duration>4</duration>
        <voice>1</voice>
        <type>half</type>
        <stem>down</stem>
        </note>
      </measure>
    <measure number="13" width="244.11">
      <note default-x="12.00" default-y="-15.00" dynamics="100.00">
        <pitch>
          <step>C</step>
          <octave>5</octave>
          </pitch>
        <duration>2</duration>
        <voice>1</voice>
        <type>quarter</type>
        <stem>down</stem>
        </note>
      <note default-x="69.63" default-y="-10.00" dynamics="100.00">
        <pitch>
          <step>D</step>
          <octave>5</octave>
          </pitch>
        <duration>2</duration>
        <voice>1</voice>
        <type>quarter</type>
        <stem>down</stem>
        </note>
      <note default-x="127.26" default-y="-5.00" dynamics="100.00">
        <pitch>
          <step>E</step>
          <alter>-1</alter>
          <octave>5</octave>
          </pitch>
        <duration>2</duration>
        <voice>1</voice>
        <type>quarter</type>
        <stem>down</stem>
        </note>
      <note default-x="184.88" default-y="-30.00" dynamics="100.00">
        <pitch>
          <step>G</step>
          <octave>4</octave>
          </pitch>
        <duration>2</duration>
        <voice>1</voice>
        <type>quarter</type>
        <stem>up</stem>
        </note>
      </measure>
    <measure number="14" width="197.84">
      <note default-x="12.00" default-y="-35.00" dynamics="100.00">
        <pitch>
          <step>F</step>
          <octave>4</octave>
          </pitch>
        <duration>4</duration>
        <voice>1</voice>
        <type>half</type>
        <stem>up</stem>
        </note>
      <note default-x="130.63" default-y="-40.00" dynamics="100.00">
        <pitch>
          <step>E</step>
          <alter>-1</alter>
          <octave>4</octave>
          </pitch>
        <duration>4</duration>
        <voice>1</voice>
        <type>half</type>
        <stem>up</stem>
        </note>
      </measure>
    </part>
  <part id="P2">
    <measure number="1" width="272.85">
      <print>
        <staff-layout number="1">
          <staff-distance>65.00</staff-distance>
          </staff-layout>
        </print>
      <attributes>
        <divisions>2</divisions>
        <key>
          <fifths>-3</fifths>
          </key>
        <time>
          <beats>4</beats>
          <beat-type>4</beat-type>
          </time>
        <clef>
          <sign>G</sign>
          <line>2</line>
          </clef>
        </attributes>
      <note default-x="106.46" default-y="-145.00" dynamics="100.00">
        <pitch>
          <step>E</step>
          <alter>-1</alter>
          <octave>4</octave>
          </pitch>
        <duration>2</duration>
        <voice>1</voice>
        <type>quarter</type>
        <stem>up</stem>
        </note>
      <note default-x="146.92" default-y="-145.00" dynamics="100.00">
        <pitch>
          <step>E</step>
          <alter>-1</alter>
          <octave>4</octave>
          </pitch>
        <duration>2</duration>
        <voice>1</voice>
        <type>quarter</type>
        <stem>up</stem>
        </note>
      <note default-x="187.39" default-y="-140.00" dynamics="100.00">
        <pitch>
          <step>F</step>
          <octave>4</octave>
          </pitch>
        <duration>1</duration>
        <voice>1</voice>
        <type>eighth</type>
        <stem>up</stem>
        <beam number="1">begin</beam>
        </note>
      <note default-x="207.62" default-y="-145.00" dynamics="100.00">
        <pitch>
          <step>E</step>
          <alter>-1</alter>
          <octave>4</octave>
          </pitch>
        <duration>1</duration>
        <voice>1</voice>
        <type>eighth</type>
        <stem>up</stem>
        <beam number="1">end</beam>
        </note>
      <note default-x="227.85" default-y="-150.00" dynamics="100.00">
        <pitch>
          <step>D</step>
          <octave>4</octave>
          </pitch>
        <duration>2</duration>
        <voice>1</voice>
        <type>quarter</type>
        <stem>up</stem>
        </note>
      </measure>
    <measure number="2" width="142.12">
      <note default-x="12.00" default-y="-145.00" dynamics="100.00">
        <pitch>
          <step>E</step>
          <alter>-1</alter>
          <octave>4</octave>
          </pitch>
        <duration>2</duration>
        <voice>1</voice>
        <type>quarter</type>
        <stem>up</stem>
        </note>
      <note default-x="53.46" default-y="-145.00" dynamics="100.00">
        <pitch>
          <step>E</step>
          <alter>-1</alter>
          <octave>4</octave>
          </pitch>
        <duration>1</duration>
        <voice>1</voice>
        <type>eighth</type>
        <stem>up</stem>
        <beam number="1">begin</beam>
        </note>
      <note default-x="74.19" default-y="-150.00" dynamics="100.00">
        <pitch>
          <step>D</step>
          <octave>4</octave>
          </pitch>
        <duration>1</duration>
        <voice>1</voice>
        <type>eighth</type>
        <stem>up</stem>
        <beam number="1">end</beam>
        </note>
      <note default-x="94.56" default-y="-145.00" dynamics="100.00">
        <pitch>
          <step>E</step>
          <alter>-1</alter>
          <octave>4</octave>
          </pitch>
        <duration>4</duration>
        <voice>1</voice>
        <type>half</type>
        <stem>up</stem>
        </note>
      </measure>
    <measure number="3" width="188.40">
      <note default-x="12.00" default-y="-145.00" dynamics="100.00">
        <pitch>
          <step>E</step>
          <alter>-1</alter>
          <octave>4</octave>
          </pitch>
        <duration>2</duration>
        <voice>1</voice>
        <type>quarter</type>
        <stem>up</stem>
        </note>
      <note default-x="55.32" default-y="-140.00" dynamics="100.00">
        <pitch>
          <step>F</step>
          <octave>4</octave>
          </pitch>
        <duration>2</duration>
        <voice>1</voice>
        <type>quarter</type>
        <stem>up</stem>
        </note>
      <note default-x="98.65" default-y="-145.00" dynamics="100.00">
        <pitch>
          <step>E</step>
          <alter>-1</alter>
          <octave>4</octave>
          </pitch>
        <duration>1</duration>
        <voice>1</voice>
        <type>eighth</type>
        <stem>up</stem>
        <beam number="1">begin</beam>
        </note>
      <note default-x="120.31" default-y="-150.00" dynamics="100.00">
        <pitch>
          <step>D</step>
          <octave>4</octave>
          </pitch>
        <duration>1</duration>
        <voice>1</voice>
        <type>eighth</type>
        <stem>up</stem>
        <beam number="1">end</beam>
        </note>
      <note default-x="141.97" default-y="-145.00" dynamics="100.00">
        <pitch>
          <step>E</step>
          <alter>-1</alter>
          <octave>4</octave>
          </pitch>
        <duration>2</duration>
        <voice>1</voice>
        <type>quarter</type>
        <stem>up</stem>
        </note>
      </measure>
    <measure number="4" width="142.12">
      <note default-x="12.36" default-y="-145.00" dynamics="100.00">
        <pitch>
          <step>E</step>
          <alter>-1</alter>
          <octave>4</octave>
          </pitch>
        <duration>2</duration>
        <voice>1</voice>
        <type>quarter</type>
        <stem>up</stem>
        </note>
      <note default-x="53.70" default-y="-150.00" dynamics="100.00">
        <pitch>
          <step>D</step>
          <octave>4</octave>
          </pitch>
        <duration>2</duration>
        <voice>1</voice>
        <type>quarter</type>
        <stem>up</stem>
        </note>
      <note default-x="94.68" default-y="-160.00" dynamics="100.00">
        <pitch>
          <step>B</step>
          <alter>-1</alter>
          <octave>3</octave>
          </pitch>
        <duration>4</duration>
        <voice>1</voice>
        <type>half</type>
        <stem>up</stem>
        </note>
      </measure>
    <measure number="5" width="188.40">
      <note default-x="12.00" default-y="-145.00" dynamics="100.00">
        <pitch>
          <step>E</step>
          <alter>-1</alter>
          <octave>4</octave>
          </pitch>
        <duration>2</duration>
        <voice>1</voice>
        <type>quarter</type>
        <stem>up</stem>
        </note>
      <note default-x="55.32" default-y="-145.00" dynamics="100.00">
        <pitch>
          <step>E</step>
          <alter>-1</alter>
          <octave>4</octave>
          </pitch>
        <duration>2</duration>
        <voice>1</voice>
        <type>quarter</type>
        <stem>up</stem>
        </note>
      <note default-x="98.65" default-y="-140.00" dynamics="100.00">
        <pitch>
          <step>F</step>
          <octave>4</octave>
          </pitch>
        <duration>1</duration>
        <voice>1</voice>
        <type>eighth</type>
        <stem>up</stem>
        <beam number="1">begin</beam>
        </note>
      <note default-x="120.31" default-y="-145.00" dynamics="100.00">
        <pitch>
          <step>E</step>
          <alter>-1</alter>
          <octave>4</octave>
          </pitch>
        <duration>1</duration>
        <voice>1</voice>
        <type>eighth</type>
        <stem>up</stem>
        <beam number="1">end</beam>
        </note>
      <note default-x="141.97" default-y="-150.00" dynamics="100.00">
        <pitch>
          <step>D</step>
          <octave>4</octave>
          </pitch>
        <duration>2</duration>
        <voice>1</voice>
        <type>quarter</type>
        <stem>up</stem>
        </note>
      </measure>
    <measure number="6" width="241.66">
      <print new-system="yes">
        <staff-layout number="1">
          <staff-distance>65.00</staff-distance>
          </staff-layout>
        </print>
      <note default-x="85.36" default-y="-145.00" dynamics="100.00">
        <pitch>
          <step>E</step>
          <alter>-1</alter>
          <octave>4</octave>
          </pitch>
        <duration>2</duration>
        <voice>1</voice>
        <type>quarter</type>
        <stem>up</stem>
        </note>
      <note default-x="135.26" default-y="-145.00" dynamics="100.00">
        <pitch>
          <step>E</step>
          <alter>-1</alter>
          <octave>4</octave>
          </pitch>
        <duration>1</duration>
        <voice>1</voice>
        <type>eighth</type>
        <stem>up</stem>
        <beam number="1">begin</beam>
        </note>
      <note default-x="160.21" default-y="-150.00" dynamics="100.00">
        <pitch>
          <step>D</step>
          <octave>4</octave>
          </pitch>
        <duration>1</duration>
        <voice>1</voice>
        <type>eighth</type>
        <stem>up</stem>
        <beam number="1">end</beam>
        </note>
      <note default-x="184.80" default-y="-145.00" dynamics="100.00">
        <pitch>
          <step>E</step>
          <alter>-1</alter>
          <octave>4</octave>
          </pitch>
        <duration>4</duration>
        <voice>1</voice>
        <type>half</type>
        <stem>up</stem>
        </note>
      </measure>
    <measure number="7" width="224.58">
      <note default-x="12.00" default-y="-145.00" dynamics="100.00">
        <pitch>
          <step>E</step>
          <alter>-1</alter>
          <octave>4</octave>
          </pitch>
        <duration>2</duration>
        <voice>1</voice>
        <type>quarter</type>
        <stem>up</stem>
        </note>
      <note default-x="64.74" default-y="-140.00" dynamics="100.00">
        <pitch>
          <step>F</step>
          <octave>4</octave>
          </pitch>
        <duration>2</duration>
        <voice>1</voice>
        <type>quarter</type>
        <stem>up</stem>
        </note>
      <note default-x="117.49" default-y="-145.00" dynamics="100.00">
        <pitch>
          <step>E</step>
          <alter>-1</alter>
          <octave>4</octave>
          </pitch>
        <duration>1</duration>
        <voice>1</voice>
        <type>eighth</type>
        <stem>up</stem>
        <beam number="1">begin</beam>
        </note>
      <note default-x="143.86" default-y="-150.00" dynamics="100.00">
        <pitch>
          <step>D</step>
          <octave>4</octave>
          </pitch>
        <duration>1</duration>
        <voice>1</voice>
        <type>eighth</type>
        <stem>up</stem>
        <beam number="1">end</beam>
        </note>
      <note default-x="170.23" default-y="-145.00" dynamics="100.00">
        <pitch>
          <step>E</step>
          <alter>-1</alter>
          <octave>4</octave>
          </pitch>
        <duration>2</duration>
        <voice>1</voice>
        <type>quarter</type>
        <stem>up</stem>
        </note>
      </measure>
    <measure number="8" width="178.30">
      <note default-x="12.36" default-y="-145.00" dynamics="100.00">
        <pitch>
          <step>E</step>
          <alter>-1</alter>
          <octave>4</octave>
          </pitch>
        <duration>2</duration>
        <voice>1</voice>
        <type>quarter</type>
        <stem>up</stem>
        </note>
      <note default-x="65.37" default-y="-150.00" dynamics="100.00">
        <pitch>
          <step>D</step>
          <octave>4</octave>
          </pitch>
        <duration>2</duration>
        <voice>1</voice>
        <type>quarter</type>
        <stem>up</stem>
        </note>
      <note default-x="118.03" default-y="-160.00" dynamics="100.00">
        <pitch>
          <step>B</step>
          <alter>-1</alter>
          <octave>3</octave>
          </pitch>
        <duration>4</duration>
        <voice>1</voice>
        <type>half</type>
        <stem>up</stem>
        </note>
      </measure>
    <measure number="9" width="178.30">
      <note default-x="12.00" default-y="-140.00" dynamics="100.00">
        <pitch>
          <step>F</step>
          <octave>4</octave>
          </pitch>
        <duration>1</duration>
        <voice>1</voice>
        <type>eighth</type>
        <stem>up</stem>
        <beam number="1">begin</beam>
        </note>
      <note default-x="38.56" default-y="-145.00" dynamics="100.00">
        <pitch>
          <step>E</step>
          <alter>-1</alter>
          <octave>4</octave>
          </pitch>
        <duration>1</duration>
        <voice>1</voice>
        <type>eighth</type>
        <stem>up</stem>
        <beam number="1">continue</beam>
        </note>
      <note default-x="65.13" default-y="-150.00" dynamics="100.00">
        <pitch>
          <step>D</step>
          <octave>4</octave>
          </pitch>
        <duration>1</duration>
        <voice>1</voice>
        <type>eighth</type>
        <stem>up</stem>
        <beam number="1">continue</beam>
        </note>
      <note default-x="91.69" default-y="-140.00" dynamics="100.00">
        <pitch>
          <step>F</step>
          <octave>4</octave>
          </pitch>
        <duration>1</duration>
        <voice>1</voice>
        <type>eighth</type>
        <stem>up</stem>
        <beam number="1">end</beam>
        </note>
      <note default-x="117.90" default-y="-145.00" dynamics="100.00">
        <pitch>
          <step>E</step>
          <alter>-1</alter>
          <octave>4</octave>
          </pitch>
        <duration>4</duration>
        <voice>1</voice>
        <type>half</type>
        <stem>up</stem>
        </note>
      </measure>
    <measure number="10" width="201.01">
      <note default-x="14.36" default-y="-155.00" dynamics="100.00">
        <pitch>
          <step>C</step>
          <octave>4</octave>
          </pitch>
        <duration>2</duration>
        <voice>1</voice>
        <type>quarter</type>
        <stem>up</stem>
        </note>
      <note default-x="74.05" default-y="-155.00" dynamics="100.00">
        <pitch>
          <step>C</step>
          <octave>4</octave>
          </pitch>
        <duration>2</duration>
        <voice>1</voice>
        <type>quarter</type>
        <stem>up</stem>
        </note>
      <note default-x="133.39" default-y="-155.00" dynamics="100.00">
        <pitch>
          <step>C</step>
          <octave>4</octave>
          </pitch>
        <duration>4</duration>
        <voice>1</voice>
        <type>half</type>
        <stem>up</stem>
        </note>
      </measure>
    <measure number="11" width="399.74">
      <print new-system="yes">
        <staff-layout number="1">
          <staff-distance>65.00</staff-distance>
          </staff-layout>
        </print>
      <note default-x="85.36" default-y="-140.00" dynamics="100.00">
        <pitch>
          <step>F</step>
          <octave>4</octave>
          </pitch>
        <duration>2</duration>
        <voice>1</voice>
        <type>quarter</type>
        <stem>up</stem>
        </note>
      <note default-x="164.25" default-y="-140.00" dynamics="100.00">
        <pitch>
          <step>F</step>
          <octave>4</octave>
          </pitch>
        <duration>2</duration>
        <tie type="start"/>
        <voice>1</voice>
        <type>quarter</type>
        <stem>up</stem>
        <notations>
          <tied type="start"/>
          </notations>
        </note>
      <note default-x="235.43" default-y="-140.00" dynamics="100.00">
        <pitch>
          <step>F</step>
          <octave>4</octave>
          </pitch>
        <duration>1</duration>
        <tie type="stop"/>
        <voice>1</voice>
        <type>eighth</type>
        <stem>up</stem>
        <beam number="1">begin</beam>
        <notations>
          <tied type="stop"/>
          </notations>
        </note>
      <note default-x="271.02" default-y="-145.00" dynamics="100.00">
        <pitch>
          <step>E</step>
          <alter>-1</alter>
          <octave>4</octave>
          </pitch>
        <duration>1</duration>
        <voice>1</voice>
        <type>eighth</type>
        <stem>up</stem>
        <beam number="1">end</beam>
        </note>
      <note default-x="306.61" default-y="-150.00" dynamics="100.00">
        <pitch>
          <step>D</step>
          <octave>4</octave>
          </pitch>
        <duration>2</duration>
        <voice>1</voice>
        <type>quarter</type>
        <stem>up</stem>
        </note>
      </measure>
    <measure number="12" width="182.17">
      <note default-x="12.00" default-y="-155.00" dynamics="100.00">
        <pitch>
          <step>C</step>
          <octave>4</octave>
          </pitch>
        <duration>4</duration>
        <voice>1</voice>
        <type>half</type>
        <stem>up</stem>
        </note>
      <note default-x="116.41" default-y="-150.00" dynamics="100.00">
        <pitch>
          <step>D</step>
          <octave>4</octave>
          </pitch>
        <duration>4</duration>
        <voice>1</voice>
        <type>half</type>
        <stem>up</stem>
        </note>
      </measure>
    <measure number="13" width="244.11">
      <note default-x="12.00" default-y="-140.00" dynamics="100.00">
        <pitch>
          <step>F</step>
          <octave>4</octave>
          </pitch>
        <duration>2</duration>
        <voice>1</voice>
        <type>quarter</type>
        <stem>up</stem>
        </note>
      <note default-x="69.63" default-y="-140.00" dynamics="100.00">
        <pitch>
          <step>F</step>
          <octave>4</octave>
          </pitch>
        <duration>2</duration>
        <voice>1</voice>
        <type>quarter</type>
        <stem>up</stem>
        </note>
      <note default-x="127.26" default-y="-145.00" dynamics="100.00">
        <pitch>
          <step>E</step>
          <alter>-1</alter>
          <octave>4</octave>
          </pitch>
        <duration>2</duration>
        <voice>1</voice>
        <type>quarter</type>
        <stem>up</stem>
        </note>
      <note default-x="184.88" default-y="-145.00" dynamics="100.00">
        <pitch>
          <step>E</step>
          <alter>-1</alter>
          <octave>4</octave>
          </pitch>
        <duration>2</duration>
        <voice>1</voice>
        <type>quarter</type>
        <stem>up</stem>
        </note>
      </measure>
    <measure number="14" width="197.84">
      <note default-x="12.36" default-y="-145.00" dynamics="100.00">
        <pitch>
          <step>E</step>
          <alter>-1</alter>
          <octave>4</octave>
          </pitch>
        <duration>2</duration>
        <voice>1</voice>
        <type>quarter</type>
        <stem>up</stem>
        </note>
      <note default-x="71.68" default-y="-150.00" dynamics="100.00">
        <pitch>
          <step>D</step>
          <octave>4</octave>
          </pitch>
        <duration>2</duration>
        <voice>1</voice>
        <type>quarter</type>
        <stem>up</stem>
        </note>
      <note default-x="130.63" default-y="-160.00" dynamics="100.00">
        <pitch>
          <step>B</step>
          <alter>-1</alter>
          <octave>3</octave>
          </pitch>
        <duration>4</duration>
        <voice>1</voice>
        <type>half</type>
        <stem>up</stem>
        </note>
      </measure>
    </part>
  <part id="P3">
    <measure number="1" width="272.85">
      <print>
        <staff-layout number="1">
          <staff-distance>65.00</staff-distance>
          </staff-layout>
        </print>
      <attributes>
        <divisions>2</divisions>
        <key>
          <fifths>-3</fifths>
          </key>
        <time>
          <beats>4</beats>
          <beat-type>4</beat-type>
          </time>
        <clef>
          <sign>F</sign>
          <line>4</line>
          </clef>
        </attributes>
      <note default-x="106.46" default-y="-205.00" dynamics="100.00">
        <pitch>
          <step>B</step>
          <alter>-1</alter>
          <octave>3</octave>
          </pitch>
        <duration>2</duration>
        <voice>1</voice>
        <type>quarter</type>
        <stem>down</stem>
        </note>
      <note default-x="146.92" default-y="-200.00" dynamics="100.00">
        <pitch>
          <step>C</step>
          <octave>4</octave>
          </pitch>
        <duration>2</duration>
        <voice>1</voice>
        <type>quarter</type>
        <stem>down</stem>
        </note>
      <note default-x="187.39" default-y="-220.00" dynamics="100.00">
        <pitch>
          <step>F</step>
          <octave>3</octave>
          </pitch>
        <duration>2</duration>
        <voice>1</voice>
        <type>quarter</type>
        <stem>down</stem>
        </note>
      <note default-x="227.85" default-y="-215.00" dynamics="100.00">
        <pitch>
          <step>G</step>
          <octave>3</octave>
          </pitch>
        <duration>2</duration>
        <voice>1</voice>
        <type>quarter</type>
        <stem>down</stem>
        </note>
      </measure>
    <measure number="2" width="142.12">
      <note default-x="12.00" default-y="-215.00" dynamics="100.00">
        <pitch>
          <step>G</step>
          <octave>3</octave>
          </pitch>
        <duration>2</duration>
        <voice>1</voice>
        <type>quarter</type>
        <stem>down</stem>
        </note>
      <note default-x="53.46" default-y="-200.00" dynamics="100.00">
        <pitch>
          <step>C</step>
          <octave>4</octave>
          </pitch>
        <duration>1</duration>
        <voice>1</voice>
        <type>eighth</type>
        <stem>down</stem>
        <beam number="1">begin</beam>
        </note>
      <note default-x="74.19" default-y="-205.00" dynamics="100.00">
        <pitch>
          <step>B</step>
          <alter>-1</alter>
          <octave>3</octave>
          </pitch>
        <duration>1</duration>
        <voice>1</voice>
        <type>eighth</type>
        <stem>down</stem>
        <beam number="1">end</beam>
        </note>
      <note default-x="94.56" default-y="-205.00" dynamics="100.00">
        <pitch>
          <step>B</step>
          <alter>-1</alter>
          <octave>3</octave>
          </pitch>
        <duration>4</duration>
        <voice>1</voice>
        <type>half</type>
        <stem>down</stem>
        </note>
      </measure>
    <measure number="3" width="188.40">
      <note default-x="12.00" default-y="-210.00" dynamics="100.00">
        <pitch>
          <step>A</step>
          <alter>-1</alter>
          <octave>3</octave>
          </pitch>
        <duration>2</duration>
        <voice>1</voice>
        <type>quarter</type>
        <stem>down</stem>
        </note>
      <note default-x="55.32" default-y="-210.00" dynamics="100.00">
        <pitch>
          <step>A</step>
          <alter>-1</alter>
          <octave>3</octave>
          </pitch>
        <duration>2</duration>
        <voice>1</voice>
        <type>quarter</type>
        <stem>down</stem>
        </note>
      <note default-x="98.65" default-y="-205.00" dynamics="100.00">
        <pitch>
          <step>B</step>
          <alter>-1</alter>
          <octave>3</octave>
          </pitch>
        <duration>2</duration>
        <voice>1</voice>
        <type>quarter</type>
        <stem>down</stem>
        </note>
      <note default-x="141.97" default-y="-205.00" dynamics="100.00">
        <pitch>
          <step>B</step>
          <alter>-1</alter>
          <octave>3</octave>
          </pitch>
        <duration>2</duration>
        <voice>1</voice>
        <type>quarter</type>
        <stem>down</stem>
        </note>
      </measure>
    <measure number="4" width="142.12">
      <note default-x="12.36" default-y="-200.00" dynamics="100.00">
        <pitch>
          <step>C</step>
          <octave>4</octave>
          </pitch>
        <duration>2</duration>
        <voice>1</voice>
        <type>quarter</type>
        <stem>down</stem>
        </note>
      <note default-x="53.70" default-y="-205.00" dynamics="100.00">
        <pitch>
          <step>B</step>
          <alter>-1</alter>
          <octave>3</octave>
          </pitch>
        <duration>1</duration>
        <voice>1</voice>
        <type>eighth</type>
        <stem>down</stem>
        <beam number="1">begin</beam>
        </note>
      <note default-x="74.37" default-y="-210.00" dynamics="100.00">
        <pitch>
          <step>A</step>
          <alter>-1</alter>
          <octave>3</octave>
          </pitch>
        <duration>1</duration>
        <voice>1</voice>
        <type>eighth</type>
        <stem>down</stem>
        <beam number="1">end</beam>
        </note>
      <note default-x="94.68" default-y="-215.00" dynamics="100.00">
        <pitch>
          <step>G</step>
          <octave>3</octave>
          </pitch>
        <duration>4</duration>
        <voice>1</voice>
        <type>half</type>
        <stem>down</stem>
        </note>
      </measure>
    <measure number="5" width="188.40">
      <note default-x="12.00" default-y="-205.00" dynamics="100.00">
        <pitch>
          <step>B</step>
          <alter>-1</alter>
          <octave>3</octave>
          </pitch>
        <duration>2</duration>
        <voice>1</voice>
        <type>quarter</type>
        <stem>down</stem>
        </note>
      <note default-x="55.32" default-y="-200.00" dynamics="100.00">
        <pitch>
          <step>C</step>
          <octave>4</octave>
          </pitch>
        <duration>2</duration>
        <voice>1</voice>
        <type>quarter</type>
        <stem>down</stem>
        </note>
      <note default-x="98.65" default-y="-220.00" dynamics="100.00">
        <pitch>
          <step>F</step>
          <octave>3</octave>
          </pitch>
        <duration>2</duration>
        <voice>1</voice>
        <type>quarter</type>
        <stem>down</stem>
        </note>
      <note default-x="141.97" default-y="-215.00" dynamics="100.00">
        <pitch>
          <step>G</step>
          <octave>3</octave>
          </pitch>
        <duration>2</duration>
        <voice>1</voice>
        <type>quarter</type>
        <stem>down</stem>
        </note>
      </measure>
    <measure number="6" width="241.66">
      <print new-system="yes">
        <staff-layout number="1">
          <staff-distance>65.00</staff-distance>
          </staff-layout>
        </print>
      <note default-x="85.36" default-y="-215.00" dynamics="100.00">
        <pitch>
          <step>G</step>
          <octave>3</octave>
          </pitch>
        <duration>2</duration>
        <voice>1</voice>
        <type>quarter</type>
        <stem>down</stem>
        </note>
      <note default-x="135.26" default-y="-200.00" dynamics="100.00">
        <pitch>
          <step>C</step>
          <octave>4</octave>
          </pitch>
        <duration>1</duration>
        <voice>1</voice>
        <type>eighth</type>
        <stem>down</stem>
        <beam number="1">begin</beam>
        </note>
      <note default-x="160.21" default-y="-205.00" dynamics="100.00">
        <pitch>
          <step>B</step>
          <alter>-1</alter>
          <octave>3</octave>
          </pitch>
        <duration>1</duration>
        <voice>1</voice>
        <type>eighth</type>
        <stem>down</stem>
        <beam number="1">end</beam>
        </note>
      <note default-x="184.80" default-y="-205.00" dynamics="100.00">
        <pitch>
          <step>B</step>
          <alter>-1</alter>
          <octave>3</octave>
          </pitch>
        <duration>4</duration>
        <voice>1</voice>
        <type>half</type>
        <stem>down</stem>
        </note>
      </measure>
    <measure number="7" width="224.58">
      <note default-x="12.00" default-y="-210.00" dynamics="100.00">
        <pitch>
          <step>A</step>
          <alter>-1</alter>
          <octave>3</octave>
          </pitch>
        <duration>2</duration>
        <voice>1</voice>
        <type>quarter</type>
        <stem>down</stem>
        </note>
      <note default-x="64.74" default-y="-210.00" dynamics="100.00">
        <pitch>
          <step>A</step>
          <alter>-1</alter>
          <octave>3</octave>
          </pitch>
        <duration>2</duration>
        <voice>1</voice>
        <type>quarter</type>
        <stem>down</stem>
        </note>
      <note default-x="117.49" default-y="-205.00" dynamics="100.00">
        <pitch>
          <step>B</step>
          <alter>-1</alter>
          <octave>3</octave>
          </pitch>
        <duration>2</duration>
        <voice>1</voice>
        <type>quarter</type>
        <stem>down</stem>
        </note>
      <note default-x="170.23" default-y="-205.00" dynamics="100.00">
        <pitch>
          <step>B</step>
          <alter>-1</alter>
          <octave>3</octave>
          </pitch>
        <duration>2</duration>
        <voice>1</voice>
        <type>quarter</type>
        <stem>down</stem>
        </note>
      </measure>
    <measure number="8" width="178.30">
      <note default-x="12.36" default-y="-200.00" dynamics="100.00">
        <pitch>
          <step>C</step>
          <octave>4</octave>
          </pitch>
        <duration>2</duration>
        <voice>1</voice>
        <type>quarter</type>
        <stem>down</stem>
        </note>
      <note default-x="65.37" default-y="-205.00" dynamics="100.00">
        <pitch>
          <step>B</step>
          <alter>-1</alter>
          <octave>3</octave>
          </pitch>
        <duration>1</duration>
        <voice>1</voice>
        <type>eighth</type>
        <stem>down</stem>
        <beam number="1">begin</beam>
        </note>
      <note default-x="91.88" default-y="-210.00" dynamics="100.00">
        <pitch>
          <step>A</step>
          <alter>-1</alter>
          <octave>3</octave>
          </pitch>
        <duration>1</duration>
        <voice>1</voice>
        <type>eighth</type>
        <stem>down</stem>
        <beam number="1">end</beam>
        </note>
      <note default-x="118.03" default-y="-215.00" dynamics="100.00">
        <pitch>
          <step>G</step>
          <octave>3</octave>
          </pitch>
        <duration>4</duration>
        <voice>1</voice>
        <type>half</type>
        <stem>down</stem>
        </note>
      </measure>
    <measure number="9" width="178.30">
      <note default-x="12.00" default-y="-205.00" dynamics="100.00">
        <pitch>
          <step>B</step>
          <alter>-1</alter>
          <octave>3</octave>
          </pitch>
        <duration>2</duration>
        <voice>1</voice>
        <type>quarter</type>
        <stem>down</stem>
        </note>
      <note default-x="65.13" default-y="-205.00" dynamics="100.00">
        <pitch>
          <step>B</step>
          <alter>-1</alter>
          <octave>3</octave>
          </pitch>
        <duration>2</duration>
        <voice>1</voice>
        <type>quarter</type>
        <stem>down</stem>
        </note>
      <note default-x="117.90" default-y="-205.00" dynamics="100.00">
        <pitch>
          <step>B</step>
          <alter>-1</alter>
          <octave>3</octave>
          </pitch>
        <duration>4</duration>
        <voice>1</voice>
        <type>half</type>
        <stem>down</stem>
        </note>
      </measure>
    <measure number="10" width="201.01">
      <note default-x="14.36" default-y="-215.00" dynamics="100.00">
        <pitch>
          <step>G</step>
          <octave>3</octave>
          </pitch>
        <duration>1</duration>
        <voice>1</voice>
        <type>eighth</type>
        <stem>down</stem>
        <beam number="1">begin</beam>
        </note>
      <note default-x="44.20" default-y="-220.00" dynamics="100.00">
        <pitch>
          <step>F</step>
          <octave>3</octave>
          </pitch>
        <duration>1</duration>
        <voice>1</voice>
        <type>eighth</type>
        <stem>down</stem>
        <beam number="1">continue</beam>
        </note>
      <note default-x="74.05" default-y="-225.00" dynamics="100.00">
        <pitch>
          <step>E</step>
          <octave>3</octave>
          </pitch>
        <duration>1</duration>
        <voice>1</voice>
        <type>eighth</type>
        <accidental>natural</accidental>
        <stem>down</stem>
        <beam number="1">continue</beam>
        </note>
      <note default-x="103.90" default-y="-215.00" dynamics="100.00">
        <pitch>
          <step>G</step>
          <octave>3</octave>
          </pitch>
        <duration>1</duration>
        <voice>1</voice>
        <type>eighth</type>
        <stem>down</stem>
        <beam number="1">end</beam>
        </note>
      <note default-x="133.39" default-y="-220.00" dynamics="100.00">
        <pitch>
          <step>F</step>
          <octave>3</octave>
          </pitch>
        <duration>4</duration>
        <voice>1</voice>
        <type>half</type>
        <stem>down</stem>
        </note>
      </measure>
    <measure number="11" width="399.74">
      <print new-system="yes">
        <staff-layout number="1">
          <staff-distance>65.00</staff-distance>
          </staff-layout>
        </print>
      <note default-x="85.36" default-y="-205.00" dynamics="100.00">
        <pitch>
          <step>B</step>
          <alter>-1</alter>
          <octave>3</octave>
          </pitch>
        <duration>1</duration>
        <voice>1</voice>
        <type>eighth</type>
        <stem>up</stem>
        <beam number="1">begin</beam>
        </note>
      <attributes>
        <clef>
          <sign>G</sign>
          <line>2</line>
          </clef>
        </attributes>
      <note default-x="128.66" default-y="-260.00" dynamics="100.00">
        <pitch>
          <step>C</step>
          <octave>4</octave>
          </pitch>
        <duration>1</duration>
        <voice>1</voice>
        <type>eighth</type>
        <stem>up</stem>
        <beam number="1">end</beam>
        </note>
      <note default-x="164.25" default-y="-255.00" dynamics="100.00">
        <pitch>
          <step>D</step>
          <octave>4</octave>
          </pitch>
        <duration>2</duration>
        <voice>1</voice>
        <type>quarter</type>
        <stem>up</stem>
        </note>
      <note default-x="235.43" default-y="-255.00" dynamics="100.00">
        <pitch>
          <step>D</step>
          <octave>4</octave>
          </pitch>
        <duration>1</duration>
        <voice>1</voice>
        <type>eighth</type>
        <stem>up</stem>
        <beam number="1">begin</beam>
        </note>
      <note default-x="271.02" default-y="-260.00" dynamics="100.00">
        <pitch>
          <step>C</step>
          <octave>4</octave>
          </pitch>
        <duration>1</duration>
        <voice>1</voice>
        <type>eighth</type>
        <stem>up</stem>
        <beam number="1">continue</beam>
        </note>
      <note default-x="306.61" default-y="-265.00" dynamics="100.00">
        <pitch>
          <step>B</step>
          <alter>-1</alter>
          <octave>3</octave>
          </pitch>
        <duration>1</duration>
        <voice>1</voice>
        <type>eighth</type>
        <stem>up</stem>
        <beam number="1">continue</beam>
        </note>
      <attributes>
        <clef>
          <sign>F</sign>
          <line>4</line>
          </clef>
        </attributes>
      <note default-x="362.55" default-y="-210.00" dynamics="100.00">
        <pitch>
          <step>A</step>
          <octave>3</octave>
          </pitch>
        <duration>1</duration>
        <voice>1</voice>
        <type>eighth</type>
        <accidental>natural</accidental>
        <stem>up</stem>
        <beam number="1">end</beam>
        </note>
      </measure>
    <measure number="12" width="182.17">
      <note default-x="12.36" default-y="-215.00" dynamics="100.00">
        <pitch>
          <step>G</step>
          <octave>3</octave>
          </pitch>
        <duration>2</duration>
        <voice>1</voice>
        <type>quarter</type>
        <stem>down</stem>
        </note>
      <note default-x="70.36" default-y="-220.00" dynamics="100.00">
        <pitch>
          <step>F</step>
          <octave>3</octave>
          </pitch>
        <duration>2</duration>
        <voice>1</voice>
        <type>quarter</type>
        <stem>down</stem>
        </note>
      <note default-x="116.41" default-y="-220.00" dynamics="100.00">
        <pitch>
          <step>F</step>
          <octave>3</octave>
          </pitch>
        <duration>4</duration>
        <voice>1</voice>
        <type>half</type>
        <stem>down</stem>
        </note>
      </measure>
    <measure number="13" width="244.11">
      <note default-x="12.00" default-y="-210.00" dynamics="100.00">
        <pitch>
          <step>A</step>
          <alter>-1</alter>
          <octave>3</octave>
          </pitch>
        <duration>2</duration>
        <voice>1</voice>
        <type>quarter</type>
        <stem>down</stem>
        </note>
      <note default-x="69.63" default-y="-205.00" dynamics="100.00">
        <pitch>
          <step>B</step>
          <alter>-1</alter>
          <octave>3</octave>
          </pitch>
        <duration>2</duration>
        <voice>1</voice>
        <type>quarter</type>
        <stem>down</stem>
        </note>
      <note default-x="127.26" default-y="-205.00" dynamics="100.00">
        <pitch>
          <step>B</step>
          <alter>-1</alter>
          <octave>3</octave>
          </pitch>
        <duration>2</duration>
        <voice>1</voice>
        <type>quarter</type>
        <stem>down</stem>
        </note>
      <note default-x="184.88" default-y="-205.00" dynamics="100.00">
        <pitch>
          <step>B</step>
          <alter>-1</alter>
          <octave>3</octave>
          </pitch>
        <duration>2</duration>
        <voice>1</voice>
        <type>quarter</type>
        <stem>down</stem>
        </note>
      </measure>
    <measure number="14" width="197.84">
      <note default-x="12.36" default-y="-200.00" dynamics="100.00">
        <pitch>
          <step>C</step>
          <octave>4</octave>
          </pitch>
        <duration>2</duration>
        <voice>1</voice>
        <type>quarter</type>
        <stem>down</stem>
        </note>
      <note default-x="71.68" default-y="-205.00" dynamics="100.00">
        <pitch>
          <step>B</step>
          <alter>-1</alter>
          <octave>3</octave>
          </pitch>
        <duration>1</duration>
        <voice>1</voice>
        <type>eighth</type>
        <stem>down</stem>
        <beam number="1">begin</beam>
        </note>
      <note default-x="101.33" default-y="-210.00" dynamics="100.00">
        <pitch>
          <step>A</step>
          <alter>-1</alter>
          <octave>3</octave>
          </pitch>
        <duration>1</duration>
        <voice>1</voice>
        <type>eighth</type>
        <stem>down</stem>
        <beam number="1">end</beam>
        </note>
      <note default-x="130.63" default-y="-215.00" dynamics="100.00">
        <pitch>
          <step>G</step>
          <octave>3</octave>
          </pitch>
        <duration>4</duration>
        <voice>1</voice>
        <type>half</type>
        <stem>down</stem>
        </note>
      </measure>
    </part>
  <part id="P4">
    <measure number="1" width="272.85">
      <print>
        <staff-layout number="1">
          <staff-distance>65.00</staff-distance>
          </staff-layout>
        </print>
      <attributes>
        <divisions>2</divisions>
        <key>
          <fifths>-3</fifths>
          </key>
        <time>
          <beats>4</beats>
          <beat-type>4</beat-type>
          </time>
        <clef>
          <sign>F</sign>
          <line>4</line>
          </clef>
        </attributes>
      <note default-x="106.46" default-y="-330.00" dynamics="100.00">
        <pitch>
          <step>E</step>
          <alter>-1</alter>
          <octave>3</octave>
          </pitch>
        <duration>1</duration>
        <voice>1</voice>
        <type>eighth</type>
        <stem>down</stem>
        <beam number="1">begin</beam>
        </note>
      <note default-x="126.69" default-y="-335.00" dynamics="100.00">
        <pitch>
          <step>D</step>
          <octave>3</octave>
          </pitch>
        <duration>1</duration>
        <voice>1</voice>
        <type>eighth</type>
        <stem>down</stem>
        <beam number="1">continue</beam>
        </note>
      <note default-x="146.92" default-y="-340.00" dynamics="100.00">
        <pitch>
          <step>C</step>
          <octave>3</octave>
          </pitch>
        <duration>1</duration>
        <voice>1</voice>
        <type>eighth</type>
        <stem>down</stem>
        <beam number="1">continue</beam>
        </note>
      <note default-x="167.15" default-y="-330.00" dynamics="100.00">
        <pitch>
          <step>E</step>
          <alter>-1</alter>
          <octave>3</octave>
          </pitch>
        <duration>1</duration>
        <voice>1</voice>
        <type>eighth</type>
        <stem>down</stem>
        <beam number="1">end</beam>
        </note>
      <note default-x="187.39" default-y="-335.00" dynamics="100.00">
        <pitch>
          <step>D</step>
          <octave>3</octave>
          </pitch>
        <duration>1</duration>
        <voice>1</voice>
        <type>eighth</type>
        <stem>up</stem>
        <beam number="1">begin</beam>
        </note>
      <note default-x="207.62" default-y="-340.00" dynamics="100.00">
        <pitch>
          <step>C</step>
          <octave>3</octave>
          </pitch>
        <duration>1</duration>
        <voice>1</voice>
        <type>eighth</type>
        <stem>up</stem>
        <beam number="1">continue</beam>
        </note>
      <note default-x="227.85" default-y="-345.00" dynamics="100.00">
        <pitch>
          <step>B</step>
          <alter>-1</alter>
          <octave>2</octave>
          </pitch>
        <duration>1</duration>
        <voice>1</voice>
        <type>eighth</type>
        <stem>up</stem>
        <beam number="1">continue</beam>
        </note>
      <note default-x="248.09" default-y="-335.00" dynamics="100.00">
        <pitch>
          <step>D</step>
          <octave>3</octave>
          </pitch>
        <duration>1</duration>
        <voice>1</voice>
        <type>eighth</type>
        <stem>up</stem>
        <beam number="1">end</beam>
        </note>
      </measure>
    <measure number="2" width="142.12">
      <note default-x="12.00" default-y="-340.00" dynamics="100.00">
        <pitch>
          <step>C</step>
          <octave>3</octave>
          </pitch>
        <duration>1</duration>
        <voice>1</voice>
        <type>eighth</type>
        <stem>up</stem>
        <beam number="1">begin</beam>
        </note>
      <note default-x="32.73" default-y="-345.00" dynamics="100.00">
        <pitch>
          <step>B</step>
          <alter>-1</alter>
          <octave>2</octave>
          </pitch>
        <duration>1</duration>
        <voice>1</voice>
        <type>eighth</type>
        <stem>up</stem>
        <beam number="1">continue</beam>
        </note>
      <note default-x="53.46" default-y="-350.00" dynamics="100.00">
        <pitch>
          <step>A</step>
          <alter>-1</alter>
          <octave>2</octave>
          </pitch>
        <duration>1</duration>
        <voice>1</voice>
        <type>eighth</type>
        <stem>up</stem>
        <beam number="1">continue</beam>
        </note>
      <note default-x="74.19" default-y="-345.00" dynamics="100.00">
        <pitch>
          <step>B</step>
          <alter>-1</alter>
          <octave>2</octave>
          </pitch>
        <duration>1</duration>
        <voice>1</voice>
        <type>eighth</type>
        <stem>up</stem>
        <beam number="1">end</beam>
        </note>
      <note default-x="94.56" default-y="-365.00" dynamics="100.00">
        <pitch>
          <step>E</step>
          <alter>-1</alter>
          <octave>2</octave>
          </pitch>
        <duration>4</duration>
        <voice>1</voice>
        <type>half</type>
        <stem>up</stem>
        </note>
      </measure>
    <measure number="3" width="188.40">
      <note default-x="12.00" default-y="-350.00" dynamics="100.00">
        <pitch>
          <step>A</step>
          <alter>-1</alter>
          <octave>2</octave>
          </pitch>
        <duration>1</duration>
        <voice>1</voice>
        <type>eighth</type>
        <stem>up</stem>
        <beam number="1">begin</beam>
        </note>
      <note default-x="33.66" default-y="-355.00" dynamics="100.00">
        <pitch>
          <step>G</step>
          <octave>2</octave>
          </pitch>
        <duration>1</duration>
        <voice>1</voice>
        <type>eighth</type>
        <stem>up</stem>
        <beam number="1">continue</beam>
        </note>
      <note default-x="55.32" default-y="-360.00" dynamics="100.00">
        <pitch>
          <step>F</step>
          <octave>2</octave>
          </pitch>
        <duration>1</duration>
        <voice>1</voice>
        <type>eighth</type>
        <stem>up</stem>
        <beam number="1">continue</beam>
        </note>
      <note default-x="76.98" default-y="-350.00" dynamics="100.00">
        <pitch>
          <step>A</step>
          <alter>-1</alter>
          <octave>2</octave>
          </pitch>
        <duration>1</duration>
        <voice>1</voice>
        <type>eighth</type>
        <stem>up</stem>
        <beam number="1">end</beam>
        </note>
      <note default-x="98.65" default-y="-355.00" dynamics="100.00">
        <pitch>
          <step>G</step>
          <octave>2</octave>
          </pitch>
        <duration>1</duration>
        <voice>1</voice>
        <type>eighth</type>
        <stem>up</stem>
        <beam number="1">begin</beam>
        </note>
      <note default-x="120.31" default-y="-360.00" dynamics="100.00">
        <pitch>
          <step>F</step>
          <octave>2</octave>
          </pitch>
        <duration>1</duration>
        <voice>1</voice>
        <type>eighth</type>
        <stem>up</stem>
        <beam number="1">continue</beam>
        </note>
      <note default-x="141.97" default-y="-365.00" dynamics="100.00">
        <pitch>
          <step>E</step>
          <alter>-1</alter>
          <octave>2</octave>
          </pitch>
        <duration>1</duration>
        <voice>1</voice>
        <type>eighth</type>
        <stem>up</stem>
        <beam number="1">continue</beam>
        </note>
      <note default-x="163.63" default-y="-355.00" dynamics="100.00">
        <pitch>
          <step>G</step>
          <octave>2</octave>
          </pitch>
        <duration>1</duration>
        <voice>1</voice>
        <type>eighth</type>
        <stem>up</stem>
        <beam number="1">end</beam>
        </note>
      </measure>
    <measure number="4" width="142.12">
      <note default-x="12.36" default-y="-350.00" dynamics="100.00">
        <pitch>
          <step>A</step>
          <alter>-1</alter>
          <octave>2</octave>
          </pitch>
        <duration>1</duration>
        <voice>1</voice>
        <type>eighth</type>
        <stem>up</stem>
        <beam number="1">begin</beam>
        </note>
      <note default-x="33.03" default-y="-360.00" dynamics="100.00">
        <pitch>
          <step>F</step>
          <octave>2</octave>
          </pitch>
        <duration>1</duration>
        <voice>1</voice>
        <type>eighth</type>
        <stem>up</stem>
        <beam number="1">end</beam>
        </note>
      <note default-x="53.70" default-y="-345.00" dynamics="100.00">
        <pitch>
          <step>B</step>
          <alter>-1</alter>
          <octave>2</octave>
          </pitch>
        <duration>2</duration>
        <voice>1</voice>
        <type>quarter</type>
        <stem>up</stem>
        </note>
      <note default-x="94.68" default-y="-365.00" dynamics="100.00">
        <pitch>
          <step>E</step>
          <alter>-1</alter>
          <octave>2</octave>
          </pitch>
        <duration>4</duration>
        <voice>1</voice>
        <type>half</type>
        <stem>up</stem>
        </note>
      </measure>
    <measure number="5" width="188.40">
      <note default-x="12.00" default-y="-330.00" dynamics="100.00">
        <pitch>
          <step>E</step>
          <alter>-1</alter>
          <octave>3</octave>
          </pitch>
        <duration>1</duration>
        <voice>1</voice>
        <type>eighth</type>
        <stem>down</stem>
        <beam number="1">begin</beam>
        </note>
      <note default-x="33.66" default-y="-335.00" dynamics="100.00">
        <pitch>
          <step>D</step>
          <octave>3</octave>
          </pitch>
        <duration>1</duration>
        <voice>1</voice>
        <type>eighth</type>
        <stem>down</stem>
        <beam number="1">continue</beam>
        </note>
      <note default-x="55.32" default-y="-340.00" dynamics="100.00">
        <pitch>
          <step>C</step>
          <octave>3</octave>
          </pitch>
        <duration>1</duration>
        <voice>1</voice>
        <type>eighth</type>
        <stem>down</stem>
        <beam number="1">continue</beam>
        </note>
      <note default-x="76.98" default-y="-330.00" dynamics="100.00">
        <pitch>
          <step>E</step>
          <alter>-1</alter>
          <octave>3</octave>
          </pitch>
        <duration>1</duration>
        <voice>1</voice>
        <type>eighth</type>
        <stem>down</stem>
        <beam number="1">end</beam>
        </note>
      <note default-x="98.65" default-y="-335.00" dynamics="100.00">
        <pitch>
          <step>D</step>
          <octave>3</octave>
          </pitch>
        <duration>1</duration>
        <voice>1</voice>
        <type>eighth</type>
        <stem>up</stem>
        <beam number="1">begin</beam>
        </note>
      <note default-x="120.31" default-y="-340.00" dynamics="100.00">
        <pitch>
          <step>C</step>
          <octave>3</octave>
          </pitch>
        <duration>1</duration>
        <voice>1</voice>
        <type>eighth</type>
        <stem>up</stem>
        <beam number="1">continue</beam>
        </note>
      <note default-x="141.97" default-y="-345.00" dynamics="100.00">
        <pitch>
          <step>B</step>
          <alter>-1</alter>
          <octave>2</octave>
          </pitch>
        <duration>1</duration>
        <voice>1</voice>
        <type>eighth</type>
        <stem>up</stem>
        <beam number="1">continue</beam>
        </note>
      <note default-x="163.63" default-y="-335.00" dynamics="100.00">
        <pitch>
          <step>D</step>
          <octave>3</octave>
          </pitch>
        <duration>1</duration>
        <voice>1</voice>
        <type>eighth</type>
        <stem>up</stem>
        <beam number="1">end</beam>
        </note>
      </measure>
    <measure number="6" width="241.66">
      <print new-system="yes">
        <staff-layout number="1">
          <staff-distance>65.00</staff-distance>
          </staff-layout>
        </print>
      <note default-x="85.36" default-y="-340.00" dynamics="100.00">
        <pitch>
          <step>C</step>
          <octave>3</octave>
          </pitch>
        <duration>1</duration>
        <voice>1</voice>
        <type>eighth</type>
        <stem>up</stem>
        <beam number="1">begin</beam>
        </note>
      <note default-x="110.31" default-y="-345.00" dynamics="100.00">
        <pitch>
          <step>B</step>
          <alter>-1</alter>
          <octave>2</octave>
          </pitch>
        <duration>1</duration>
        <voice>1</voice>
        <type>eighth</type>
        <stem>up</stem>
        <beam number="1">continue</beam>
        </note>
      <note default-x="135.26" default-y="-350.00" dynamics="100.00">
        <pitch>
          <step>A</step>
          <alter>-1</alter>
          <octave>2</octave>
          </pitch>
        <duration>1</duration>
        <voice>1</voice>
        <type>eighth</type>
        <stem>up</stem>
        <beam number="1">continue</beam>
        </note>
      <note default-x="160.21" default-y="-345.00" dynamics="100.00">
        <pitch>
          <step>B</step>
          <alter>-1</alter>
          <octave>2</octave>
          </pitch>
        <duration>1</duration>
        <voice>1</voice>
        <type>eighth</type>
        <stem>up</stem>
        <beam number="1">end</beam>
        </note>
      <note default-x="184.80" default-y="-365.00" dynamics="100.00">
        <pitch>
          <step>E</step>
          <alter>-1</alter>
          <octave>2</octave>
          </pitch>
        <duration>4</duration>
        <voice>1</voice>
        <type>half</type>
        <stem>up</stem>
        </note>
      </measure>
    <measure number="7" width="224.58">
      <note default-x="12.00" default-y="-350.00" dynamics="100.00">
        <pitch>
          <step>A</step>
          <alter>-1</alter>
          <octave>2</octave>
          </pitch>
        <duration>1</duration>
        <voice>1</voice>
        <type>eighth</type>
        <stem>up</stem>
        <beam number="1">begin</beam>
        </note>
      <note default-x="38.37" default-y="-355.00" dynamics="100.00">
        <pitch>
          <step>G</step>
          <octave>2</octave>
          </pitch>
        <duration>1</duration>
        <voice>1</voice>
        <type>eighth</type>
        <stem>up</stem>
        <beam number="1">continue</beam>
        </note>
      <note default-x="64.74" default-y="-360.00" dynamics="100.00">
        <pitch>
          <step>F</step>
          <octave>2</octave>
          </pitch>
        <duration>1</duration>
        <voice>1</voice>
        <type>eighth</type>
        <stem>up</stem>
        <beam number="1">continue</beam>
        </note>
      <note default-x="91.12" default-y="-350.00" dynamics="100.00">
        <pitch>
          <step>A</step>
          <alter>-1</alter>
          <octave>2</octave>
          </pitch>
        <duration>1</duration>
        <voice>1</voice>
        <type>eighth</type>
        <stem>up</stem>
        <beam number="1">end</beam>
        </note>
      <note default-x="117.49" default-y="-355.00" dynamics="100.00">
        <pitch>
          <step>G</step>
          <octave>2</octave>
          </pitch>
        <duration>1</duration>
        <voice>1</voice>
        <type>eighth</type>
        <stem>up</stem>
        <beam number="1">begin</beam>
        </note>
      <note default-x="143.86" default-y="-360.00" dynamics="100.00">
        <pitch>
          <step>F</step>
          <octave>2</octave>
          </pitch>
        <duration>1</duration>
        <voice>1</voice>
        <type>eighth</type>
        <stem>up</stem>
        <beam number="1">continue</beam>
        </note>
      <note default-x="170.23" default-y="-365.00" dynamics="100.00">
        <pitch>
          <step>E</step>
          <alter>-1</alter>
          <octave>2</octave>
          </pitch>
        <duration>1</duration>
        <voice>1</voice>
        <type>eighth</type>
        <stem>up</stem>
        <beam number="1">continue</beam>
        </note>
      <note default-x="196.60" default-y="-355.00" dynamics="100.00">
        <pitch>
          <step>G</step>
          <octave>2</octave>
          </pitch>
        <duration>1</duration>
        <voice>1</voice>
        <type>eighth</type>
        <stem>up</stem>
        <beam number="1">end</beam>
        </note>
      </measure>
    <measure number="8" width="178.30">
      <note default-x="12.36" default-y="-350.00" dynamics="100.00">
        <pitch>
          <step>A</step>
          <alter>-1</alter>
          <octave>2</octave>
          </pitch>
        <duration>1</duration>
        <voice>1</voice>
        <type>eighth</type>
        <stem>up</stem>
        <beam number="1">begin</beam>
        </note>
      <note default-x="38.87" default-y="-360.00" dynamics="100.00">
        <pitch>
          <step>F</step>
          <octave>2</octave>
          </pitch>
        <duration>1</duration>
        <voice>1</voice>
        <type>eighth</type>
        <stem>up</stem>
        <beam number="1">end</beam>
        </note>
      <note default-x="65.37" default-y="-345.00" dynamics="100.00">
        <pitch>
          <step>B</step>
          <alter>-1</alter>
          <octave>2</octave>
          </pitch>
        <duration>2</duration>
        <voice>1</voice>
        <type>quarter</type>
        <stem>up</stem>
        </note>
      <note default-x="118.03" default-y="-365.00" dynamics="100.00">
        <pitch>
          <step>E</step>
          <alter>-1</alter>
          <octave>2</octave>
          </pitch>
        <duration>4</duration>
        <voice>1</voice>
        <type>half</type>
        <stem>up</stem>
        </note>
      </measure>
    <measure number="9" width="178.30">
      <note default-x="12.00" default-y="-335.00" dynamics="100.00">
        <pitch>
          <step>D</step>
          <octave>3</octave>
          </pitch>
        <duration>1</duration>
        <voice>1</voice>
        <type>eighth</type>
        <stem>up</stem>
        <beam number="1">begin</beam>
        </note>
      <note default-x="38.56" default-y="-340.00" dynamics="100.00">
        <pitch>
          <step>C</step>
          <octave>3</octave>
          </pitch>
        <duration>1</duration>
        <voice>1</voice>
        <type>eighth</type>
        <stem>up</stem>
        <beam number="1">continue</beam>
        </note>
      <note default-x="65.13" default-y="-345.00" dynamics="100.00">
        <pitch>
          <step>B</step>
          <alter>-1</alter>
          <octave>2</octave>
          </pitch>
        <duration>1</duration>
        <voice>1</voice>
        <type>eighth</type>
        <stem>up</stem>
        <beam number="1">continue</beam>
        </note>
      <note default-x="91.69" default-y="-335.00" dynamics="100.00">
        <pitch>
          <step>D</step>
          <octave>3</octave>
          </pitch>
        <duration>1</duration>
        <voice>1</voice>
        <type>eighth</type>
        <stem>up</stem>
        <beam number="1">end</beam>
        </note>
      <note default-x="117.90" default-y="-330.00" dynamics="100.00">
        <pitch>
          <step>E</step>
          <alter>-1</alter>
          <octave>3</octave>
          </pitch>
        <duration>4</duration>
        <voice>1</voice>
        <type>half</type>
        <stem>down</stem>
        </note>
      </measure>
    <measure number="10" width="201.01">
      <note default-x="14.36" default-y="-330.00" dynamics="100.00">
        <pitch>
          <step>E</step>
          <octave>3</octave>
          </pitch>
        <duration>1</duration>
        <voice>1</voice>
        <type>eighth</type>
        <accidental>natural</accidental>
        <stem>down</stem>
        <beam number="1">begin</beam>
        </note>
      <note default-x="44.20" default-y="-335.00" dynamics="100.00">
        <pitch>
          <step>D</step>
          <octave>3</octave>
          </pitch>
        <duration>1</duration>
        <voice>1</voice>
        <type>eighth</type>
        <stem>down</stem>
        <beam number="1">continue</beam>
        </note>
      <note default-x="74.05" default-y="-340.00" dynamics="100.00">
        <pitch>
          <step>C</step>
          <octave>3</octave>
          </pitch>
        <duration>1</duration>
        <voice>1</voice>
        <type>eighth</type>
        <stem>down</stem>
        <beam number="1">continue</beam>
        </note>
      <note default-x="103.90" default-y="-330.00" dynamics="100.00">
        <pitch>
          <step>E</step>
          <octave>3</octave>
          </pitch>
        <duration>1</duration>
        <voice>1</voice>
        <type>eighth</type>
        <stem>down</stem>
        <beam number="1">end</beam>
        </note>
      <note default-x="133.39" default-y="-325.00" dynamics="100.00">
        <pitch>
          <step>F</step>
          <octave>3</octave>
          </pitch>
        <duration>4</duration>
        <voice>1</voice>
        <type>half</type>
        <stem>down</stem>
        </note>
      </measure>
    <measure number="11" width="399.74">
      <print new-system="yes">
        <staff-layout number="1">
          <staff-distance>65.00</staff-distance>
          </staff-layout>
        </print>
      <note default-x="85.36" default-y="-335.00" dynamics="100.00">
        <pitch>
          <step>D</step>
          <octave>3</octave>
          </pitch>
        <duration>1</duration>
        <voice>1</voice>
        <type>eighth</type>
        <stem>up</stem>
        <beam number="1">begin</beam>
        </note>
      <note default-x="128.66" default-y="-340.00" dynamics="100.00">
        <pitch>
          <step>C</step>
          <octave>3</octave>
          </pitch>
        <duration>1</duration>
        <voice>1</voice>
        <type>eighth</type>
        <stem>up</stem>
        <beam number="1">continue</beam>
        </note>
      <note default-x="164.25" default-y="-345.00" dynamics="100.00">
        <pitch>
          <step>B</step>
          <alter>-1</alter>
          <octave>2</octave>
          </pitch>
        <duration>1</duration>
        <voice>1</voice>
        <type>eighth</type>
        <stem>up</stem>
        <beam number="1">continue</beam>
        </note>
      <note default-x="199.84" default-y="-335.00" dynamics="100.00">
        <pitch>
          <step>D</step>
          <octave>3</octave>
          </pitch>
        <duration>1</duration>
        <voice>1</voice>
        <type>eighth</type>
        <stem>up</stem>
        <beam number="1">end</beam>
        </note>
      <note default-x="235.43" default-y="-330.00" dynamics="100.00">
        <pitch>
          <step>E</step>
          <alter>-1</alter>
          <octave>3</octave>
          </pitch>
        <duration>1</duration>
        <voice>1</voice>
        <type>eighth</type>
        <stem>down</stem>
        <beam number="1">begin</beam>
        </note>
      <note default-x="271.02" default-y="-325.00" dynamics="100.00">
        <pitch>
          <step>F</step>
          <octave>3</octave>
          </pitch>
        <duration>1</duration>
        <voice>1</voice>
        <type>eighth</type>
        <stem>down</stem>
        <beam number="1">continue</beam>
        </note>
      <note default-x="306.61" default-y="-320.00" dynamics="100.00">
        <pitch>
          <step>G</step>
          <octave>3</octave>
          </pitch>
        <duration>1</duration>
        <voice>1</voice>
        <type>eighth</type>
        <stem>down</stem>
        <beam number="1">continue</beam>
        </note>
      <note default-x="362.55" default-y="-325.00" dynamics="100.00">
        <pitch>
          <step>F</step>
          <octave>3</octave>
          </pitch>
        <duration>1</duration>
        <voice>1</voice>
        <type>eighth</type>
        <stem>down</stem>
        <beam number="1">end</beam>
        </note>
      </measure>
    <measure number="12" width="182.17">
      <note default-x="12.36" default-y="-330.00" dynamics="100.00">
        <pitch>
          <step>E</step>
          <alter>-1</alter>
          <octave>3</octave>
          </pitch>
        <duration>1</duration>
        <voice>1</voice>
        <type>eighth</type>
        <stem>down</stem>
        <beam number="1">begin</beam>
        </note>
      <note default-x="41.36" default-y="-340.00" dynamics="100.00">
        <pitch>
          <step>C</step>
          <octave>3</octave>
          </pitch>
        <duration>1</duration>
        <voice>1</voice>
        <type>eighth</type>
        <stem>down</stem>
        <beam number="1">end</beam>
        </note>
      <note default-x="70.36" default-y="-325.00" dynamics="100.00">
        <pitch>
          <step>F</step>
          <octave>3</octave>
          </pitch>
        <duration>2</duration>
        <voice>1</voice>
        <type>quarter</type>
        <stem>down</stem>
        </note>
      <note default-x="116.41" default-y="-345.00" dynamics="100.00">
        <pitch>
          <step>B</step>
          <alter>-1</alter>
          <octave>2</octave>
          </pitch>
        <duration>4</duration>
        <voice>1</voice>
        <type>half</type>
        <stem>up</stem>
        </note>
      </measure>
    <measure number="13" width="244.11">
      <note default-x="12.00" default-y="-360.00" dynamics="100.00">
        <pitch>
          <step>F</step>
          <octave>2</octave>
          </pitch>
        <duration>1</duration>
        <voice>1</voice>
        <type>eighth</type>
        <stem>up</stem>
        <beam number="1">begin</beam>
        </note>
      <note default-x="40.81" default-y="-355.00" dynamics="100.00">
        <pitch>
          <step>G</step>
          <octave>2</octave>
          </pitch>
        <duration>1</duration>
        <voice>1</voice>
        <type>eighth</type>
        <stem>up</stem>
        <beam number="1">continue</beam>
        </note>
      <note default-x="69.63" default-y="-350.00" dynamics="100.00">
        <pitch>
          <step>A</step>
          <alter>-1</alter>
          <octave>2</octave>
          </pitch>
        <duration>1</duration>
        <voice>1</voice>
        <type>eighth</type>
        <stem>up</stem>
        <beam number="1">continue</beam>
        </note>
      <note default-x="98.44" default-y="-360.00" dynamics="100.00">
        <pitch>
          <step>F</step>
          <octave>2</octave>
          </pitch>
        <duration>1</duration>
        <voice>1</voice>
        <type>eighth</type>
        <stem>up</stem>
        <beam number="1">end</beam>
        </note>
      <note default-x="127.26" default-y="-355.00" dynamics="100.00">
        <pitch>
          <step>G</step>
          <octave>2</octave>
          </pitch>
        <duration>1</duration>
        <voice>1</voice>
        <type>eighth</type>
        <stem>up</stem>
        <beam number="1">begin</beam>
        </note>
      <note default-x="156.07" default-y="-350.00" dynamics="100.00">
        <pitch>
          <step>A</step>
          <alter>-1</alter>
          <octave>2</octave>
          </pitch>
        <duration>1</duration>
        <voice>1</voice>
        <type>eighth</type>
        <stem>up</stem>
        <beam number="1">continue</beam>
        </note>
      <note default-x="184.88" default-y="-345.00" dynamics="100.00">
        <pitch>
          <step>B</step>
          <alter>-1</alter>
          <octave>2</octave>
          </pitch>
        <duration>1</duration>
        <voice>1</voice>
        <type>eighth</type>
        <stem>up</stem>
        <beam number="1">continue</beam>
        </note>
      <note default-x="213.70" default-y="-355.00" dynamics="100.00">
        <pitch>
          <step>G</step>
          <octave>2</octave>
          </pitch>
        <duration>1</duration>
        <voice>1</voice>
        <type>eighth</type>
        <stem>up</stem>
        <beam number="1">end</beam>
        </note>
      </measure>
    <measure number="14" width="197.84">
      <note default-x="12.36" default-y="-350.00" dynamics="100.00">
        <pitch>
          <step>A</step>
          <alter>-1</alter>
          <octave>2</octave>
          </pitch>
        <duration>1</duration>
        <voice>1</voice>
        <type>eighth</type>
        <stem>up</stem>
        <beam number="1">begin</beam>
        </note>
      <note default-x="42.02" default-y="-360.00" dynamics="100.00">
        <pitch>
          <step>F</step>
          <octave>2</octave>
          </pitch>
        <duration>1</duration>
        <voice>1</voice>
        <type>eighth</type>
        <stem>up</stem>
        <beam number="1">end</beam>
        </note>
      <note default-x="71.68" default-y="-345.00" dynamics="100.00">
        <pitch>
          <step>B</step>
          <alter>-1</alter>
          <octave>2</octave>
          </pitch>
        <duration>2</duration>
        <voice>1</voice>
        <type>quarter</type>
        <stem>up</stem>
        </note>
      <note default-x="130.63" default-y="-365.00" dynamics="100.00">
        <pitch>
          <step>E</step>
          <alter>-1</alter>
          <octave>2</octave>
          </pitch>
        <duration>4</duration>
        <voice>1</voice>
        <type>half</type>
        <stem>up</stem>
        </note>
      </measure>
    </part>
  </score-partwise>
