<?xml version="1.0" encoding="UTF-8"?>
<!DOCTYPE score-partwise PUBLIC "-//Recordare//DTD MusicXML 3.0 Partwise//EN" "http://www.musicxml.org/dtds/partwise.dtd">
<score-partwise>
  <identification>
    <encoding>
      <software>MuseScore 2.1.0</software>
      <encoding-date>2018-01-01</encoding-date>
      <supports element="accidental" type="yes"/>
      <supports element="beam" type="yes"/>
      <supports element="print" attribute="new-page" type="yes" value="yes"/>
      <supports element="print" attribute="new-system" type="yes" value="yes"/>
      <supports element="stem" type="yes"/>
      </encoding>
    </identification>
  <defaults>
    <scaling>
      <millimeters>7.05556</millimeters>
      <tenths>40</tenths>
      </scaling>
    <page-layout>
      <page-height>1683.78</page-height>
      <page-width>1190.55</page-width>
      <page-margins type="even">
        <left-margin>56.6929</left-margin>
        <right-margin>56.6929</right-margin>
        <top-margin>56.6929</top-margin>
        <bottom-margin>113.386</bottom-margin>
        </page-margins>
      <page-margins type="odd">
        <left-margin>56.6929</left-margin>
        <right-margin>56.6929</right-margin>
        <top-margin>56.6929</top-margin>
        <bottom-margin>113.386</bottom-margin>
        </page-margins>
      </page-layout>
    <word-font font-family="FreeSerif" font-size="10"/>
    <lyric-font font-family="FreeSerif" font-size="11"/>
    </defaults>
  <part-list>
    <score-part id="P1">
      <part-name>Piano, Sopran</part-name>
      <part-abbreviation>Pno.</part-abbreviation>
      <score-instrument id="P1-I1">
        <instrument-name>Piano</instrument-name>
        </score-instrument>
      <midi-device id="P1-I1" port="1"></midi-device>
      <midi-instrument id="P1-I1">
        <midi-channel>1</midi-channel>
        <midi-program>2</midi-program>
        <volume>100</volume>
        <pan>0</pan>
        </midi-instrument>
      </score-part>
    <score-part id="P2">
      <part-name>Piano</part-name>
      <part-abbreviation>Pno.</part-abbreviation>
      <score-instrument id="P2-I1">
        <instrument-name>Piano</instrument-name>
        </score-instrument>
      <midi-device id="P2-I1" port="1"></midi-device>
      <midi-instrument id="P2-I1">
        <midi-channel>2</midi-channel>
        <midi-program>2</midi-program>
        <volume>100</volume>
        <pan>0</pan>
        </midi-instrument>
      </score-part>
    <score-part id="P3">
      <part-name>Piano, Tenor</part-name>
      <part-abbreviation>Pno.</part-abbreviation>
      <score-instrument id="P3-I1">
        <instrument-name>Piano</instrument-name>
        </score-instrument>
      <midi-device id="P3-I1" port="1"></midi-device>
      <midi-instrument id="P3-I1">
        <midi-channel>3</midi-channel>
        <midi-program>2</midi-program>
        <volume>100</volume>
        <pan>0</pan>
        </midi-instrument>
      </score-part>
    <score-part id="P4">
      <part-name>Piano</part-name>
      <part-abbreviation>Pno.</part-abbreviation>
      <score-instrument id="P4-I1">
        <instrument-name>Piano</instrument-name>
        </score-instrument>
      <midi-device id="P4-I1" port="1"></midi-device>
      <midi-instrument id="P4-I1">
        <midi-channel>4</midi-channel>
        <midi-program>2</midi-program>
        <volume>100</volume>
        <pan>0</pan>
        </midi-instrument>
      </score-part>
    </part-list>
  <part id="P1">
    <measure number="1" width="234.24">
      <print>
        <system-layout>
          <system-margins>
            <left-margin>143.28</left-margin>
            <right-margin>0.00</right-margin>
            </system-margins>
          <top-system-distance>70.00</top-system-distance>
          </system-layout>
        </print>
      <attributes>
        <divisions>4</divisions>
        <key>
          <fifths>-2</fifths>
          </key>
        <time>
          <beats>4</beats>
          <beat-type>4</beat-type>
          </time>
        <clef>
          <sign>G</sign>
          <line>2</line>
          </clef>
        </attributes>
      <direction placement="above">
        <direction-type>
          <metronome parentheses="no">
            <beat-unit>quarter</beat-unit>
            <per-minute>100</per-minute>
            </metronome>
          </direction-type>
        <sound tempo="100"/>
        </direction>
      <note default-x="96.46" default-y="-30.00" dynamics="100.00">
        <pitch>
          <step>G</step>
          <octave>4</octave>
          </pitch>
        <duration>4</duration>
        <voice>1</voice>
        <type>quarter</type>
        <stem>up</stem>
        </note>
      <note default-x="126.72" default-y="-30.00" dynamics="100.00">
        <pitch>
          <step>G</step>
          <octave>4</octave>
          </pitch>
        <duration>4</duration>
        <voice>1</voice>
        <type>quarter</type>
        <stem>up</stem>
        </note>
      <note default-x="164.55" default-y="-30.00" dynamics="100.00">
        <pitch>
          <step>G</step>
          <octave>4</octave>
          </pitch>
        <duration>4</duration>
        <voice>1</voice>
        <type>quarter</type>
        <stem>up</stem>
        </note>
      <note default-x="202.38" default-y="-35.00" dynamics="100.00">
        <pitch>
          <step>F</step>
          <alter>1</alter>
          <octave>4</octave>
          </pitch>
        <duration>4</duration>
        <voice>1</voice>
        <type>quarter</type>
        <accidental>sharp</accidental>
        <stem>up</stem>
        </note>
      </measure>
    <measure number="2" width="170.20">
      <note default-x="18.42" default-y="-45.00" dynamics="100.00">
        <pitch>
          <step>D</step>
          <octave>4</octave>
          </pitch>
        <duration>4</duration>
        <voice>1</voice>
        <type>quarter</type>
        <stem>up</stem>
        </note>
      <note default-x="49.42" default-y="-30.00" dynamics="100.00">
        <pitch>
          <step>G</step>
          <octave>4</octave>
          </pitch>
        <duration>4</duration>
        <voice>1</voice>
        <type>quarter</type>
        <stem>up</stem>
        </note>
      <note default-x="106.59" default-y="-25.00" dynamics="100.00">
        <pitch>
          <step>A</step>
          <octave>4</octave>
          </pitch>
        <duration>4</duration>
        <voice>1</voice>
        <type>quarter</type>
        <stem>up</stem>
        </note>
      <note default-x="137.59" default-y="-20.00" dynamics="100.00">
        <pitch>
          <step>B</step>
          <alter>-1</alter>
          <octave>4</octave>
          </pitch>
        <duration>4</duration>
        <voice>1</voice>
        <type>quarter</type>
        <stem>down</stem>
        </note>
      </measure>
    <measure number="3" width="157.04">
      <note default-x="12.00" default-y="-20.00" dynamics="100.00">
        <pitch>
          <step>B</step>
          <alter>-1</alter>
          <octave>4</octave>
          </pitch>
        <duration>4</duration>
        <voice>1</voice>
        <type>quarter</type>
        <stem>down</stem>
        </note>
      <note default-x="47.86" default-y="-15.00" dynamics="100.00">
        <pitch>
          <step>C</step>
          <octave>5</octave>
          </pitch>
        <duration>4</duration>
        <voice>1</voice>
        <type>quarter</type>
        <stem>down</stem>
        </note>
      <note default-x="83.72" default-y="-20.00" dynamics="100.00">
        <pitch>
          <step>B</step>
          <alter>-1</alter>
          <octave>4</octave>
          </pitch>
        <duration>4</duration>
        <voice>1</voice>
        <type>quarter</type>
        <stem>down</stem>
        </note>
      <note default-x="119.58" default-y="-25.00" dynamics="100.00">
        <pitch>
          <step>A</step>
          <octave>4</octave>
          </pitch>
        <duration>4</duration>
        <voice>1</voice>
        <type>quarter</type>
        <stem>up</stem>
        </note>
      </measure>
    <measure number="4" width="141.87">
      <note default-x="18.42" default-y="-25.00" dynamics="100.00">
        <pitch>
          <step>A</step>
          <octave>4</octave>
          </pitch>
        <duration>4</duration>
        <voice>1</voice>
        <type>quarter</type>
        <stem>up</stem>
        </note>
      <note default-x="45.64" default-y="-20.00" dynamics="100.00">
        <pitch>
          <step>B</step>
          <alter>-1</alter>
          <octave>4</octave>
          </pitch>
        <duration>4</duration>
        <voice>1</voice>
        <type>quarter</type>
        <stem>down</stem>
        </note>
      <note default-x="72.86" default-y="-15.00" dynamics="100.00">
        <pitch>
          <step>C</step>
          <octave>5</octave>
          </pitch>
        <duration>4</duration>
        <voice>1</voice>
        <type>quarter</type>
        <stem>down</stem>
        </note>
      <note default-x="100.09" default-y="-10.00" dynamics="100.00">
        <pitch>
          <step>D</step>
          <octave>5</octave>
          </pitch>
        <duration>2</duration>
        <voice>1</voice>
        <type>eighth</type>
        <stem>down</stem>
        <beam number="1">begin</beam>
        </note>
      <note default-x="117.10" default-y="-15.00" dynamics="100.00">
        <pitch>
          <step>C</step>
          <octave>5</octave>
          </pitch>
        <duration>2</duration>
        <voice>1</voice>
        <type>eighth</type>
        <stem>down</stem>
        <beam number="1">end</beam>
        </note>
      </measure>
    <measure number="5" width="230.53">
      <note default-x="16.27" default-y="-20.00" dynamics="100.00">
        <pitch>
          <step>B</step>
          <alter>-1</alter>
          <octave>4</octave>
          </pitch>
        <duration>4</duration>
        <voice>1</voice>
        <type>quarter</type>
        <stem>down</stem>
        </note>
      <note default-x="84.86" default-y="-5.00" dynamics="100.00">
        <pitch>
          <step>E</step>
          <alter>-1</alter>
          <octave>5</octave>
          </pitch>
        <duration>4</duration>
        <voice>1</voice>
        <type>quarter</type>
        <stem>down</stem>
        </note>
      <note default-x="132.89" default-y="-5.00" dynamics="100.00">
        <pitch>
          <step>E</step>
          <alter>-1</alter>
          <octave>5</octave>
          </pitch>
        <duration>4</duration>
        <voice>1</voice>
        <type>quarter</type>
        <stem>down</stem>
        </note>
      <note default-x="180.91" default-y="-10.00" dynamics="100.00">
        <pitch>
          <step>D</step>
          <octave>5</octave>
          </pitch>
        <duration>4</duration>
        <voice>1</voice>
        <type>quarter</type>
        <stem>down</stem>
        </note>
      </measure>
    <measure number="6" width="227.95">
      <print new-system="yes">
        <system-layout>
          <system-margins>
            <left-margin>53.31</left-margin>
            <right-margin>0.00</right-margin>
            </system-margins>
          <system-distance>150.00</system-distance>
          </system-layout>
        </print>
      <note default-x="88.62" default-y="-10.00" dynamics="100.00">
        <pitch>
          <step>D</step>
          <alter>-1</alter>
          <octave>5</octave>
          </pitch>
        <duration>2</duration>
        <voice>1</voice>
        <type>eighth</type>
        <accidental>flat</accidental>
        <stem>down</stem>
        <beam number="1">begin</beam>
        </note>
      <note default-x="107.75" default-y="-15.00" dynamics="100.00">
        <pitch>
          <step>C</step>
          <octave>5</octave>
          </pitch>
        <duration>2</duration>
        <voice>1</voice>
        <type>eighth</type>
        <stem>down</stem>
        <beam number="1">end</beam>
        </note>
      <note default-x="126.52" default-y="-15.00" dynamics="100.00">
        <pitch>
          <step>C</step>
          <octave>5</octave>
          </pitch>
        <duration>8</duration>
        <voice>1</voice>
        <type>half</type>
        <stem>down</stem>
        </note>
      <note default-x="195.74" default-y="-20.00" dynamics="100.00">
        <pitch>
          <step>B</step>
          <alter>-1</alter>
          <octave>4</octave>
          </pitch>
        <duration>4</duration>
        <voice>1</voice>
        <type>quarter</type>
        <stem>down</stem>
        </note>
      </measure>
    <measure number="7" width="189.79">
      <note default-x="12.00" default-y="-20.00" dynamics="100.00">
        <pitch>
          <step>B</step>
          <alter>-1</alter>
          <octave>4</octave>
          </pitch>
        <duration>4</duration>
        <voice>1</voice>
        <type>quarter</type>
        <stem>down</stem>
        </note>
      <note default-x="58.70" default-y="-25.00" dynamics="100.00">
        <pitch>
          <step>A</step>
          <octave>4</octave>
          </pitch>
        <duration>4</duration>
        <voice>1</voice>
        <type>quarter</type>
        <stem>up</stem>
        </note>
      <note default-x="113.47" default-y="-30.00" dynamics="100.00">
        <pitch>
          <step>G</step>
          <octave>4</octave>
          </pitch>
        <duration>4</duration>
        <voice>1</voice>
        <type>quarter</type>
        <stem>up</stem>
        </note>
      <note default-x="150.83" default-y="-35.00" dynamics="100.00">
        <pitch>
          <step>F</step>
          <octave>4</octave>
          </pitch>
        <duration>4</duration>
        <voice>1</voice>
        <type>quarter</type>
        <stem>up</stem>
        </note>
      </measure>
    <measure number="8" width="191.51">
      <note default-x="12.00" default-y="-45.00" dynamics="100.00">
        <pitch>
          <step>D</step>
          <octave>4</octave>
          </pitch>
        <duration>2</duration>
        <voice>1</voice>
        <type>eighth</type>
        <stem>up</stem>
        <beam number="1">begin</beam>
        </note>
      <note default-x="34.11" default-y="-40.00" dynamics="100.00">
        <pitch>
          <step>E</step>
          <alter>-1</alter>
          <octave>4</octave>
          </pitch>
        <duration>2</duration>
        <voice>1</voice>
        <type>eighth</type>
        <stem>up</stem>
        <beam number="1">end</beam>
        </note>
      <note default-x="56.21" default-y="-35.00" dynamics="100.00">
        <pitch>
          <step>F</step>
          <octave>4</octave>
          </pitch>
        <duration>4</duration>
        <voice>1</voice>
        <type>quarter</type>
        <stem>up</stem>
        </note>
      <note default-x="100.43" default-y="-35.00" dynamics="100.00">
        <pitch>
          <step>F</step>
          <octave>4</octave>
          </pitch>
        <duration>4</duration>
        <voice>1</voice>
        <type>quarter</type>
        <stem>up</stem>
        </note>
      <note default-x="144.64" default-y="-30.00" dynamics="100.00">
        <pitch>
          <step>G</step>
          <octave>4</octave>
          </pitch>
        <duration>4</duration>
        <voice>1</voice>
        <type>quarter</type>
        <stem>up</stem>
        </note>
      </measure>
    <measure number="9" width="199.85">
      <note default-x="12.00" default-y="-35.00" dynamics="100.00">
        <pitch>
          <step>F</step>
          <octave>4</octave>
          </pitch>
        <duration>4</duration>
        <voice>1</voice>
        <type>quarter</type>
        <stem>up</stem>
        </note>
      <note default-x="59.96" default-y="-40.00" dynamics="100.00">
        <pitch>
          <step>E</step>
          <alter>-1</alter>
          <octave>4</octave>
          </pitch>
        <duration>8</duration>
        <voice>1</voice>
        <type>half</type>
        <stem>up</stem>
        </note>
      <note default-x="165.03" default-y="-45.00" dynamics="100.00">
        <pitch>
          <step>D</step>
          <octave>4</octave>
          </pitch>
        <duration>4</duration>
        <voice>1</voice>
        <type>quarter</type>
        <stem>up</stem>
        </note>
      </measure>
    <measure number="10" width="214.76">
      <note default-x="44.04" default-y="-10.00" dynamics="100.00">
        <pitch>
          <step>D</step>
          <octave>5</octave>
          </pitch>
        <duration>4</duration>
        <voice>1</voice>
        <type>quarter</type>
        <stem>down</stem>
        </note>
      <note default-x="79.66" default-y="-15.00" dynamics="100.00">
        <pitch>
          <step>C</step>
          <octave>5</octave>
          </pitch>
        <duration>4</duration>
        <voice>1</voice>
        <type>quarter</type>
        <stem>down</stem>
        </note>
      <note default-x="133.01" default-y="-20.00" dynamics="100.00">
        <pitch>
          <step>B</step>
          <alter>-1</alter>
          <octave>4</octave>
          </pitch>
        <duration>2</duration>
        <voice>1</voice>
        <type>eighth</type>
        <stem>up</stem>
        <beam number="1">begin</beam>
        </note>
      <note default-x="155.27" default-y="-25.00" dynamics="100.00">
        <pitch>
          <step>A</step>
          <octave>4</octave>
          </pitch>
        <duration>2</duration>
        <voice>1</voice>
        <type>eighth</type>
        <stem>up</stem>
        <beam number="1">end</beam>
        </note>
      <note default-x="177.53" default-y="-25.00" dynamics="100.00">
        <pitch>
          <step>A</step>
          <octave>4</octave>
          </pitch>
        <duration>4</duration>
        <tie type="start"/>
        <voice>1</voice>
        <type>quarter</type>
        <stem>up</stem>
        <notations>
          <tied type="start"/>
          </notations>
        </note>
      </measure>
    <measure number="11" width="388.07">
      <print new-system="yes">
        <system-layout>
          <system-margins>
            <left-margin>53.31</left-margin>
            <right-margin>635.78</right-margin>
            </system-margins>
          <system-distance>150.00</system-distance>
          </system-layout>
        </print>
      <note default-x="90.77" default-y="-25.00" dynamics="100.00">
        <pitch>
          <step>A</step>
          <octave>4</octave>
          </pitch>
        <duration>4</duration>
        <tie type="stop"/>
        <voice>1</voice>
        <type>quarter</type>
        <stem>up</stem>
        <notations>
          <tied type="stop"/>
          </notations>
        </note>
      <note default-x="220.36" default-y="-30.00" dynamics="100.00">
        <pitch>
          <step>G</step>
          <octave>4</octave>
          </pitch>
        <duration>12</duration>
        <voice>1</voice>
        <type>half</type>
        <dot/>
        <stem>up</stem>
        </note>
      </measure>
    </part>
  <part id="P2">
    <measure number="1" width="234.24">
      <print>
        <staff-layout number="1">
          <staff-distance>65.00</staff-distance>
          </staff-layout>
        </print>
      <attributes>
        <divisions>4</divisions>
        <key>
          <fifths>-2</fifths>
          </key>
        <time>
          <beats>4</beats>
          <beat-type>4</beat-type>
          </time>
        <clef>
          <sign>G</sign>
          <line>2</line>
          </clef>
        </attributes>
      <note default-x="96.46" default-y="-150.00" dynamics="100.00">
        <pitch>
          <step>D</step>
          <octave>4</octave>
          </pitch>
        <duration>4</duration>
        <voice>1</voice>
        <type>quarter</type>
        <stem>up</stem>
        </note>
      <note default-x="126.72" default-y="-145.00" dynamics="100.00">
        <pitch>
          <step>E</step>
          <alter>-1</alter>
          <octave>4</octave>
          </pitch>
        <duration>2</duration>
        <voice>1</voice>
        <type>eighth</type>
        <stem>up</stem>
        <beam number="1">begin</beam>
        </note>
      <note default-x="145.63" default-y="-150.00" dynamics="100.00">
        <pitch>
          <step>D</step>
          <octave>4</octave>
          </pitch>
        <duration>2</duration>
        <voice>1</voice>
        <type>eighth</type>
        <stem>up</stem>
        <beam number="1">end</beam>
        </note>
      <note default-x="164.55" default-y="-155.00" dynamics="100.00">
        <pitch>
          <step>C</step>
          <octave>4</octave>
          </pitch>
        <duration>4</duration>
        <voice>1</voice>
        <type>quarter</type>
        <stem>up</stem>
        </note>
      <note default-x="202.38" default-y="-150.00" dynamics="100.00">
        <pitch>
          <step>D</step>
          <octave>4</octave>
          </pitch>
        <duration>4</duration>
        <voice>1</voice>
        <type>quarter</type>
        <stem>up</stem>
        </note>
      </measure>
    <measure number="2" width="170.20">
      <note default-x="18.42" default-y="-165.00" dynamics="100.00">
        <pitch>
          <step>A</step>
          <octave>3</octave>
          </pitch>
        <duration>4</duration>
        <voice>1</voice>
        <type>quarter</type>
        <stem>up</stem>
        </note>
      <note default-x="49.42" default-y="-150.00" dynamics="100.00">
        <pitch>
          <step>D</step>
          <octave>4</octave>
          </pitch>
        <duration>2</duration>
        <voice>1</voice>
        <type>eighth</type>
        <stem>up</stem>
        <beam number="1">begin</beam>
        </note>
      <note default-x="76.45" default-y="-145.00" dynamics="100.00">
        <pitch>
          <step>E</step>
          <octave>4</octave>
          </pitch>
        <duration>2</duration>
        <voice>1</voice>
        <type>eighth</type>
        <accidental>natural</accidental>
        <stem>up</stem>
        <beam number="1">end</beam>
        </note>
      <note default-x="106.59" default-y="-140.00" dynamics="100.00">
        <pitch>
          <step>F</step>
          <alter>1</alter>
          <octave>4</octave>
          </pitch>
        <duration>4</duration>
        <voice>1</voice>
        <type>quarter</type>
        <accidental>sharp</accidental>
        <stem>up</stem>
        </note>
      <note default-x="137.59" default-y="-135.00" dynamics="100.00">
        <pitch>
          <step>G</step>
          <octave>4</octave>
          </pitch>
        <duration>4</duration>
        <voice>1</voice>
        <type>quarter</type>
        <stem>up</stem>
        </note>
      </measure>
    <measure number="3" width="157.04">
      <note default-x="12.00" default-y="-135.00" dynamics="100.00">
        <pitch>
          <step>G</step>
          <octave>4</octave>
          </pitch>
        <duration>4</duration>
        <voice>1</voice>
        <type>quarter</type>
        <stem>up</stem>
        </note>
      <note default-x="47.86" default-y="-130.00" dynamics="100.00">
        <pitch>
          <step>A</step>
          <octave>4</octave>
          </pitch>
        <duration>4</duration>
        <voice>1</voice>
        <type>quarter</type>
        <stem>up</stem>
        </note>
      <note default-x="83.72" default-y="-135.00" dynamics="100.00">
        <pitch>
          <step>G</step>
          <octave>4</octave>
          </pitch>
        <duration>4</duration>
        <voice>1</voice>
        <type>quarter</type>
        <stem>up</stem>
        </note>
      <note default-x="119.58" default-y="-140.00" dynamics="100.00">
        <pitch>
          <step>F</step>
          <alter>1</alter>
          <octave>4</octave>
          </pitch>
        <duration>4</duration>
        <voice>1</voice>
        <type>quarter</type>
        <accidental>sharp</accidental>
        <stem>up</stem>
        </note>
      </measure>
    <measure number="4" width="141.87">
      <note default-x="18.42" default-y="-140.00" dynamics="100.00">
        <pitch>
          <step>F</step>
          <alter>1</alter>
          <octave>4</octave>
          </pitch>
        <duration>4</duration>
        <voice>1</voice>
        <type>quarter</type>
        <accidental>sharp</accidental>
        <stem>up</stem>
        </note>
      <note default-x="45.64" default-y="-135.00" dynamics="100.00">
        <pitch>
          <step>G</step>
          <octave>4</octave>
          </pitch>
        <duration>4</duration>
        <voice>1</voice>
        <type>quarter</type>
        <stem>up</stem>
        </note>
      <note default-x="72.86" default-y="-130.00" dynamics="100.00">
        <pitch>
          <step>A</step>
          <octave>4</octave>
          </pitch>
        <duration>4</duration>
        <voice>1</voice>
        <type>quarter</type>
        <stem>up</stem>
        </note>
      <note default-x="100.09" default-y="-125.00" dynamics="100.00">
        <pitch>
          <step>B</step>
          <alter>-1</alter>
          <octave>4</octave>
          </pitch>
        <duration>4</duration>
        <voice>1</voice>
        <type>quarter</type>
        <stem>down</stem>
        </note>
      </measure>
    <measure number="5" width="230.53">
      <note default-x="16.27" default-y="-140.00" dynamics="100.00">
        <pitch>
          <step>F</step>
          <octave>4</octave>
          </pitch>
        <duration>4</duration>
        <voice>1</voice>
        <type>quarter</type>
        <stem>up</stem>
        </note>
      <note default-x="84.86" default-y="-135.00" dynamics="100.00">
        <pitch>
          <step>G</step>
          <octave>4</octave>
          </pitch>
        <duration>2</duration>
        <voice>1</voice>
        <type>eighth</type>
        <stem>up</stem>
        <beam number="1">begin</beam>
        </note>
      <note default-x="108.88" default-y="-130.00" dynamics="100.00">
        <pitch>
          <step>A</step>
          <octave>4</octave>
          </pitch>
        <duration>2</duration>
        <voice>1</voice>
        <type>eighth</type>
        <stem>up</stem>
        <beam number="1">end</beam>
        </note>
      <note default-x="132.89" default-y="-125.00" dynamics="100.00">
        <pitch>
          <step>B</step>
          <alter>-1</alter>
          <octave>4</octave>
          </pitch>
        <duration>4</duration>
        <voice>1</voice>
        <type>quarter</type>
        <stem>down</stem>
        </note>
      <note default-x="180.91" default-y="-125.00" dynamics="100.00">
        <pitch>
          <step>B</step>
          <alter>-1</alter>
          <octave>4</octave>
          </pitch>
        <duration>4</duration>
        <voice>1</voice>
        <type>quarter</type>
        <stem>down</stem>
        </note>
      </measure>
    <measure number="6" width="227.95">
      <print new-system="yes">
        <staff-layout number="1">
          <staff-distance>65.00</staff-distance>
          </staff-layout>
        </print>
      <note default-x="88.62" default-y="-125.00" dynamics="100.00">
        <pitch>
          <step>B</step>
          <alter>-1</alter>
          <octave>4</octave>
          </pitch>
        <duration>4</duration>
        <voice>1</voice>
        <type>quarter</type>
        <stem>down</stem>
        </note>
      <note default-x="126.88" default-y="-125.00" dynamics="100.00">
        <pitch>
          <step>B</step>
          <alter>-1</alter>
          <octave>4</octave>
          </pitch>
        <duration>4</duration>
        <voice>1</voice>
        <type>quarter</type>
        <stem>down</stem>
        </note>
      <note default-x="157.49" default-y="-130.00" dynamics="100.00">
        <pitch>
          <step>A</step>
          <octave>4</octave>
          </pitch>
        <duration>4</duration>
        <voice>1</voice>
        <type>quarter</type>
        <stem>up</stem>
        </note>
      <note default-x="195.74" default-y="-140.00" dynamics="100.00">
        <pitch>
          <step>F</step>
          <octave>4</octave>
          </pitch>
        <duration>4</duration>
        <voice>1</voice>
        <type>quarter</type>
        <stem>up</stem>
        </note>
      </measure>
    <measure number="7" width="189.79">
      <note default-x="12.00" default-y="-135.00" dynamics="100.00">
        <pitch>
          <step>G</step>
          <octave>4</octave>
          </pitch>
        <duration>2</duration>
        <voice>1</voice>
        <type>eighth</type>
        <stem>up</stem>
        <beam number="1">begin</beam>
        </note>
      <note default-x="35.35" default-y="-140.00" dynamics="100.00">
        <pitch>
          <step>F</step>
          <octave>4</octave>
          </pitch>
        <duration>2</duration>
        <voice>1</voice>
        <type>eighth</type>
        <stem>up</stem>
        <beam number="1">continue</beam>
        </note>
      <note default-x="58.70" default-y="-145.00" dynamics="100.00">
        <pitch>
          <step>E</step>
          <alter>-1</alter>
          <octave>4</octave>
          </pitch>
        <duration>2</duration>
        <voice>1</voice>
        <type>eighth</type>
        <stem>up</stem>
        <beam number="1">continue</beam>
        </note>
      <note default-x="82.05" default-y="-150.00" dynamics="100.00">
        <pitch>
          <step>D</step>
          <octave>4</octave>
          </pitch>
        <duration>2</duration>
        <voice>1</voice>
        <type>eighth</type>
        <stem>up</stem>
        <beam number="1">end</beam>
        </note>
      <note default-x="113.47" default-y="-145.00" dynamics="100.00">
        <pitch>
          <step>E</step>
          <octave>4</octave>
          </pitch>
        <duration>4</duration>
        <voice>1</voice>
        <type>quarter</type>
        <accidental>natural</accidental>
        <stem>up</stem>
        </note>
      <note default-x="150.83" default-y="-150.00" dynamics="100.00">
        <pitch>
          <step>D</step>
          <octave>4</octave>
          </pitch>
        <duration>4</duration>
        <voice>1</voice>
        <type>quarter</type>
        <stem>up</stem>
        </note>
      </measure>
    <measure number="8" width="191.51">
      <note default-x="12.00" default-y="-165.00" dynamics="100.00">
        <pitch>
          <step>A</step>
          <octave>3</octave>
          </pitch>
        <duration>4</duration>
        <voice>1</voice>
        <type>quarter</type>
        <stem>up</stem>
        </note>
      <note default-x="56.21" default-y="-150.00" dynamics="100.00">
        <pitch>
          <step>D</step>
          <octave>4</octave>
          </pitch>
        <duration>2</duration>
        <voice>1</voice>
        <type>eighth</type>
        <stem>up</stem>
        <beam number="1">begin</beam>
        </note>
      <note default-x="78.32" default-y="-145.00" dynamics="100.00">
        <pitch>
          <step>E</step>
          <alter>-1</alter>
          <octave>4</octave>
          </pitch>
        <duration>2</duration>
        <voice>1</voice>
        <type>eighth</type>
        <stem>up</stem>
        <beam number="1">end</beam>
        </note>
      <note default-x="100.43" default-y="-140.00" dynamics="100.00">
        <pitch>
          <step>F</step>
          <octave>4</octave>
          </pitch>
        <duration>4</duration>
        <voice>1</voice>
        <type>quarter</type>
        <stem>up</stem>
        </note>
      <note default-x="144.64" default-y="-140.00" dynamics="100.00">
        <pitch>
          <step>F</step>
          <octave>4</octave>
          </pitch>
        <duration>2</duration>
        <voice>1</voice>
        <type>eighth</type>
        <stem>up</stem>
        <beam number="1">begin</beam>
        </note>
      <note default-x="166.75" default-y="-145.00" dynamics="100.00">
        <pitch>
          <step>E</step>
          <alter>-1</alter>
          <octave>4</octave>
          </pitch>
        <duration>2</duration>
        <voice>1</voice>
        <type>eighth</type>
        <stem>up</stem>
        <beam number="1">end</beam>
        </note>
      </measure>
    <measure number="9" width="199.85">
      <note default-x="12.00" default-y="-145.00" dynamics="100.00">
        <pitch>
          <step>E</step>
          <alter>-1</alter>
          <octave>4</octave>
          </pitch>
        <duration>2</duration>
        <voice>1</voice>
        <type>eighth</type>
        <stem>up</stem>
        <beam number="1">begin</beam>
        </note>
      <note default-x="36.16" default-y="-150.00" dynamics="100.00">
        <pitch>
          <step>D</step>
          <octave>4</octave>
          </pitch>
        <duration>2</duration>
        <voice>1</voice>
        <type>eighth</type>
        <stem>up</stem>
        <beam number="1">end</beam>
        </note>
      <note default-x="60.32" default-y="-150.00" dynamics="100.00">
        <pitch>
          <step>D</step>
          <octave>4</octave>
          </pitch>
        <duration>2</duration>
        <voice>1</voice>
        <type>eighth</type>
        <stem>up</stem>
        <beam number="1">begin</beam>
        </note>
      <note default-x="84.48" default-y="-155.00" dynamics="100.00">
        <pitch>
          <step>C</step>
          <octave>4</octave>
          </pitch>
        <duration>1</duration>
        <voice>1</voice>
        <type>16th</type>
        <stem>up</stem>
        <beam number="1">continue</beam>
        <beam number="2">begin</beam>
        </note>
      <note default-x="108.14" default-y="-160.00" dynamics="100.00">
        <pitch>
          <step>B</step>
          <alter>-1</alter>
          <octave>3</octave>
          </pitch>
        <duration>1</duration>
        <voice>1</voice>
        <type>16th</type>
        <stem>up</stem>
        <beam number="1">end</beam>
        <beam number="2">end</beam>
        </note>
      <note default-x="131.81" default-y="-155.00" dynamics="100.00">
        <pitch>
          <step>C</step>
          <octave>4</octave>
          </pitch>
        <duration>4</duration>
        <voice>1</voice>
        <type>quarter</type>
        <stem>up</stem>
        </note>
      <note default-x="165.03" default-y="-160.00" dynamics="100.00">
        <pitch>
          <step>B</step>
          <alter>-1</alter>
          <octave>3</octave>
          </pitch>
        <duration>4</duration>
        <voice>1</voice>
        <type>quarter</type>
        <stem>up</stem>
        </note>
      </measure>
    <measure number="10" width="214.76">
      <note default-x="44.04" default-y="-125.00" dynamics="100.00">
        <pitch>
          <step>B</step>
          <alter>-1</alter>
          <octave>4</octave>
          </pitch>
        <duration>4</duration>
        <voice>1</voice>
        <type>quarter</type>
        <stem>down</stem>
        </note>
      <note default-x="79.66" default-y="-130.00" dynamics="100.00">
        <pitch>
          <step>A</step>
          <octave>4</octave>
          </pitch>
        <duration>4</duration>
        <voice>1</voice>
        <type>quarter</type>
        <stem>up</stem>
        </note>
      <note default-x="133.01" default-y="-135.00" dynamics="100.00">
        <pitch>
          <step>G</step>
          <octave>4</octave>
          </pitch>
        <duration>4</duration>
        <voice>1</voice>
        <type>quarter</type>
        <stem>up</stem>
        </note>
      <note default-x="177.53" default-y="-135.00" dynamics="100.00">
        <pitch>
          <step>G</step>
          <octave>4</octave>
          </pitch>
        <duration>4</duration>
        <voice>1</voice>
        <type>quarter</type>
        <stem>up</stem>
        </note>
      </measure>
    <measure number="11" width="388.07">
      <print new-system="yes">
        <staff-layout number="1">
          <staff-distance>65.00</staff-distance>
          </staff-layout>
        </print>
      <note default-x="90.77" default-y="-140.00" dynamics="100.00">
        <pitch>
          <step>F</step>
          <alter>1</alter>
          <octave>4</octave>
          </pitch>
        <duration>4</duration>
        <voice>1</voice>
        <type>quarter</type>
        <accidental>sharp</accidental>
        <stem>up</stem>
        </note>
      <note default-x="220.36" default-y="-150.00" dynamics="100.00">
        <pitch>
          <step>D</step>
          <octave>4</octave>
          </pitch>
        <duration>12</duration>
        <voice>1</voice>
        <type>half</type>
        <dot/>
        <stem>up</stem>
        </note>
      </measure>
    </part>
  <part id="P3">
    <measure number="1" width="234.24">
      <print>
        <staff-layout number="1">
          <staff-distance>65.00</staff-distance>
          </staff-layout>
        </print>
      <attributes>
        <divisions>4</divisions>
        <key>
          <fifths>-2</fifths>
          </key>
        <time>
          <beats>4</beats>
          <beat-type>4</beat-type>
          </time>
        <clef>
          <sign>F</sign>
          <line>4</line>
          </clef>
        </attributes>
      <note default-x="96.46" default-y="-205.00" dynamics="100.00">
        <pitch>
          <step>B</step>
          <alter>-1</alter>
          <octave>3</octave>
          </pitch>
        <duration>4</duration>
        <voice>1</voice>
        <type>quarter</type>
        <stem>down</stem>
        </note>
      <note default-x="126.72" default-y="-205.00" dynamics="100.00">
        <pitch>
          <step>B</step>
          <alter>-1</alter>
          <octave>3</octave>
          </pitch>
        <duration>4</duration>
        <voice>1</voice>
        <type>quarter</type>
        <stem>down</stem>
        </note>
      <note default-x="164.55" default-y="-210.00" dynamics="100.00">
        <pitch>
          <step>A</step>
          <octave>3</octave>
          </pitch>
        <duration>2</duration>
        <voice>1</voice>
        <type>eighth</type>
        <stem>down</stem>
        <beam number="1">begin</beam>
        </note>
      <note default-x="183.46" default-y="-215.00" dynamics="100.00">
        <pitch>
          <step>G</step>
          <octave>3</octave>
          </pitch>
        <duration>2</duration>
        <voice>1</voice>
        <type>eighth</type>
        <stem>down</stem>
        <beam number="1">end</beam>
        </note>
      <note default-x="202.38" default-y="-210.00" dynamics="100.00">
        <pitch>
          <step>A</step>
          <octave>3</octave>
          </pitch>
        <duration>4</duration>
        <voice>1</voice>
        <type>quarter</type>
        <stem>down</stem>
        </note>
      </measure>
    <measure number="2" width="170.20">
      <note default-x="18.42" default-y="-220.00" dynamics="100.00">
        <pitch>
          <step>F</step>
          <alter>1</alter>
          <octave>3</octave>
          </pitch>
        <duration>4</duration>
        <voice>1</voice>
        <type>quarter</type>
        <accidental>sharp</accidental>
        <stem>down</stem>
        </note>
      <note default-x="49.42" default-y="-215.00" dynamics="100.00">
        <pitch>
          <step>G</step>
          <octave>3</octave>
          </pitch>
        <duration>4</duration>
        <voice>1</voice>
        <type>quarter</type>
        <stem>down</stem>
        </note>
      <attributes>
        <clef>
          <sign>G</sign>
          <line>2</line>
          </clef>
        </attributes>
      <note default-x="106.59" default-y="-260.00" dynamics="100.00">
        <pitch>
          <step>C</step>
          <octave>4</octave>
          </pitch>
        <duration>4</duration>
        <voice>1</voice>
        <type>quarter</type>
        <stem>up</stem>
        </note>
      <note default-x="137.59" default-y="-255.00" dynamics="100.00">
        <pitch>
          <step>D</step>
          <octave>4</octave>
          </pitch>
        <duration>4</duration>
        <voice>1</voice>
        <type>quarter</type>
        <stem>up</stem>
        </note>
      </measure>
    <measure number="3" width="157.04">
      <note default-x="12.00" default-y="-255.00" dynamics="100.00">
        <pitch>
          <step>D</step>
          <octave>4</octave>
          </pitch>
        <duration>4</duration>
        <voice>1</voice>
        <type>quarter</type>
        <stem>up</stem>
        </note>
      <note default-x="47.86" default-y="-250.00" dynamics="100.00">
        <pitch>
          <step>E</step>
          <alter>-1</alter>
          <octave>4</octave>
          </pitch>
        <duration>4</duration>
        <voice>1</voice>
        <type>quarter</type>
        <stem>up</stem>
        </note>
      <note default-x="83.72" default-y="-255.00" dynamics="100.00">
        <pitch>
          <step>D</step>
          <octave>4</octave>
          </pitch>
        <duration>4</duration>
        <voice>1</voice>
        <type>quarter</type>
        <stem>up</stem>
        </note>
      <note default-x="119.58" default-y="-255.00" dynamics="100.00">
        <pitch>
          <step>D</step>
          <octave>4</octave>
          </pitch>
        <duration>4</duration>
        <voice>1</voice>
        <type>quarter</type>
        <stem>up</stem>
        </note>
      </measure>
    <measure number="4" width="141.87">
      <note default-x="18.42" default-y="-255.00" dynamics="100.00">
        <pitch>
          <step>D</step>
          <octave>4</octave>
          </pitch>
        <duration>4</duration>
        <voice>1</voice>
        <type>quarter</type>
        <stem>up</stem>
        </note>
      <note default-x="45.64" default-y="-255.00" dynamics="100.00">
        <pitch>
          <step>D</step>
          <octave>4</octave>
          </pitch>
        <duration>4</duration>
        <voice>1</voice>
        <type>quarter</type>
        <stem>up</stem>
        </note>
      <note default-x="72.86" default-y="-250.00" dynamics="100.00">
        <pitch>
          <step>E</step>
          <alter>-1</alter>
          <octave>4</octave>
          </pitch>
        <duration>4</duration>
        <voice>1</voice>
        <type>quarter</type>
        <stem>up</stem>
        </note>
      <note default-x="100.09" default-y="-245.00" dynamics="100.00">
        <pitch>
          <step>F</step>
          <octave>4</octave>
          </pitch>
        <duration>2</duration>
        <voice>1</voice>
        <type>eighth</type>
        <stem>up</stem>
        <beam number="1">begin</beam>
        </note>
      <note default-x="117.10" default-y="-250.00" dynamics="100.00">
        <pitch>
          <step>E</step>
          <alter>-1</alter>
          <octave>4</octave>
          </pitch>
        <duration>2</duration>
        <voice>1</voice>
        <type>eighth</type>
        <stem>up</stem>
        <beam number="1">end</beam>
        </note>
      </measure>
    <measure number="5" width="230.53">
      <note default-x="16.27" default-y="-255.00" dynamics="100.00">
        <pitch>
          <step>D</step>
          <octave>4</octave>
          </pitch>
        <duration>2</duration>
        <voice>1</voice>
        <type>eighth</type>
        <stem>up</stem>
        <beam number="1">begin</beam>
        </note>
      <note default-x="40.28" default-y="-260.00" dynamics="100.00">
        <pitch>
          <step>C</step>
          <octave>4</octave>
          </pitch>
        <duration>2</duration>
        <voice>1</voice>
        <type>eighth</type>
        <stem>up</stem>
        <beam number="1">end</beam>
        </note>
      <attributes>
        <clef>
          <sign>F</sign>
          <line>4</line>
          </clef>
        </attributes>
      <note default-x="84.86" default-y="-205.00" dynamics="100.00">
        <pitch>
          <step>B</step>
          <alter>-1</alter>
          <octave>3</octave>
          </pitch>
        <duration>4</duration>
        <voice>1</voice>
        <type>quarter</type>
        <stem>down</stem>
        </note>
      <note default-x="132.89" default-y="-205.00" dynamics="100.00">
        <pitch>
          <step>B</step>
          <alter>-1</alter>
          <octave>3</octave>
          </pitch>
        <duration>2</duration>
        <voice>1</voice>
        <type>eighth</type>
        <stem>down</stem>
        <beam number="1">begin</beam>
        </note>
      <note default-x="156.90" default-y="-200.00" dynamics="100.00">
        <pitch>
          <step>C</step>
          <octave>4</octave>
          </pitch>
        <duration>2</duration>
        <voice>1</voice>
        <type>eighth</type>
        <stem>down</stem>
        <beam number="1">continue</beam>
        </note>
      <note default-x="180.91" default-y="-195.00" dynamics="100.00">
        <pitch>
          <step>D</step>
          <octave>4</octave>
          </pitch>
        <duration>2</duration>
        <voice>1</voice>
        <type>eighth</type>
        <stem>down</stem>
        <beam number="1">continue</beam>
        </note>
      <note default-x="204.92" default-y="-205.00" dynamics="100.00">
        <pitch>
          <step>B</step>
          <alter>-1</alter>
          <octave>3</octave>
          </pitch>
        <duration>2</duration>
        <voice>1</voice>
        <type>eighth</type>
        <stem>down</stem>
        <beam number="1">end</beam>
        </note>
      </measure>
    <measure number="6" width="227.95">
      <print new-system="yes">
        <staff-layout number="1">
          <staff-distance>65.00</staff-distance>
          </staff-layout>
        </print>
      <attributes>
        <clef>
          <sign>G</sign>
          <line>2</line>
          </clef>
        </attributes>
      <note default-x="88.62" default-y="-240.00" dynamics="100.00">
        <pitch>
          <step>G</step>
          <octave>4</octave>
          </pitch>
        <duration>4</duration>
        <voice>1</voice>
        <type>quarter</type>
        <stem>up</stem>
        </note>
      <note default-x="126.88" default-y="-245.00" dynamics="100.00">
        <pitch>
          <step>F</step>
          <octave>4</octave>
          </pitch>
        <duration>4</duration>
        <tie type="start"/>
        <voice>1</voice>
        <type>quarter</type>
        <stem>up</stem>
        <notations>
          <tied type="start"/>
          </notations>
        </note>
      <note default-x="157.49" default-y="-245.00" dynamics="100.00">
        <pitch>
          <step>F</step>
          <octave>4</octave>
          </pitch>
        <duration>2</duration>
        <tie type="stop"/>
        <voice>1</voice>
        <type>eighth</type>
        <stem>up</stem>
        <beam number="1">begin</beam>
        <notations>
          <tied type="stop"/>
          </notations>
        </note>
      <note default-x="176.62" default-y="-250.00" dynamics="100.00">
        <pitch>
          <step>E</step>
          <alter>-1</alter>
          <octave>4</octave>
          </pitch>
        <duration>2</duration>
        <voice>1</voice>
        <type>eighth</type>
        <stem>up</stem>
        <beam number="1">end</beam>
        </note>
      <note default-x="195.74" default-y="-255.00" dynamics="100.00">
        <pitch>
          <step>D</step>
          <octave>4</octave>
          </pitch>
        <duration>4</duration>
        <voice>1</voice>
        <type>quarter</type>
        <stem>up</stem>
        </note>
      </measure>
    <measure number="7" width="189.79">
      <note default-x="12.00" default-y="-255.00" dynamics="100.00">
        <pitch>
          <step>D</step>
          <octave>4</octave>
          </pitch>
        <duration>4</duration>
        <voice>1</voice>
        <type>quarter</type>
        <stem>up</stem>
        </note>
      <note default-x="58.70" default-y="-260.00" dynamics="100.00">
        <pitch>
          <step>C</step>
          <octave>4</octave>
          </pitch>
        <duration>4</duration>
        <voice>1</voice>
        <type>quarter</type>
        <stem>up</stem>
        </note>
      <attributes>
        <clef>
          <sign>F</sign>
          <line>4</line>
          </clef>
        </attributes>
      <note default-x="113.47" default-y="-205.00" dynamics="100.00">
        <pitch>
          <step>B</step>
          <alter>-1</alter>
          <octave>3</octave>
          </pitch>
        <duration>4</duration>
        <voice>1</voice>
        <type>quarter</type>
        <stem>down</stem>
        </note>
      <note default-x="150.83" default-y="-210.00" dynamics="100.00">
        <pitch>
          <step>A</step>
          <octave>3</octave>
          </pitch>
        <duration>4</duration>
        <voice>1</voice>
        <type>quarter</type>
        <stem>down</stem>
        </note>
      </measure>
    <measure number="8" width="191.51">
      <note default-x="12.00" default-y="-220.00" dynamics="100.00">
        <pitch>
          <step>F</step>
          <octave>3</octave>
          </pitch>
        <duration>4</duration>
        <voice>1</voice>
        <type>quarter</type>
        <stem>down</stem>
        </note>
      <note default-x="56.21" default-y="-205.00" dynamics="100.00">
        <pitch>
          <step>B</step>
          <alter>-1</alter>
          <octave>3</octave>
          </pitch>
        <duration>4</duration>
        <voice>1</voice>
        <type>quarter</type>
        <stem>down</stem>
        </note>
      <note default-x="100.43" default-y="-205.00" dynamics="100.00">
        <pitch>
          <step>B</step>
          <alter>-1</alter>
          <octave>3</octave>
          </pitch>
        <duration>4</duration>
        <voice>1</voice>
        <type>quarter</type>
        <stem>down</stem>
        </note>
      <note default-x="144.64" default-y="-205.00" dynamics="100.00">
        <pitch>
          <step>B</step>
          <alter>-1</alter>
          <octave>3</octave>
          </pitch>
        <duration>4</duration>
        <voice>1</voice>
        <type>quarter</type>
        <stem>down</stem>
        </note>
      </measure>
    <measure number="9" width="199.85">
      <note default-x="12.00" default-y="-210.00" dynamics="100.00">
        <pitch>
          <step>A</step>
          <octave>3</octave>
          </pitch>
        <duration>4</duration>
        <voice>1</voice>
        <type>quarter</type>
        <stem>down</stem>
        </note>
      <note default-x="60.32" default-y="-205.00" dynamics="100.00">
        <pitch>
          <step>B</step>
          <alter>-1</alter>
          <octave>3</octave>
          </pitch>
        <duration>4</duration>
        <voice>1</voice>
        <type>quarter</type>
        <stem>down</stem>
        </note>
      <note default-x="131.81" default-y="-220.00" dynamics="100.00">
        <pitch>
          <step>F</step>
          <octave>3</octave>
          </pitch>
        <duration>4</duration>
        <voice>1</voice>
        <type>quarter</type>
        <stem>down</stem>
        </note>
      <note default-x="165.03" default-y="-220.00" dynamics="100.00">
        <pitch>
          <step>F</step>
          <octave>3</octave>
          </pitch>
        <duration>4</duration>
        <voice>1</voice>
        <type>quarter</type>
        <stem>down</stem>
        </note>
      </measure>
    <measure number="10" width="214.76">
      <attributes>
        <clef>
          <sign>G</sign>
          <line>2</line>
          </clef>
        </attributes>
      <note default-x="44.04" default-y="-245.00" dynamics="100.00">
        <pitch>
          <step>F</step>
          <octave>4</octave>
          </pitch>
        <duration>4</duration>
        <voice>1</voice>
        <type>quarter</type>
        <stem>up</stem>
        </note>
      <note default-x="79.66" default-y="-250.00" dynamics="100.00">
        <pitch>
          <step>E</step>
          <alter>-1</alter>
          <octave>4</octave>
          </pitch>
        <duration>4</duration>
        <voice>1</voice>
        <type>quarter</type>
        <stem>up</stem>
        </note>
      <note default-x="133.01" default-y="-255.00" dynamics="100.00">
        <pitch>
          <step>D</step>
          <octave>4</octave>
          </pitch>
        <duration>4</duration>
        <voice>1</voice>
        <type>quarter</type>
        <stem>up</stem>
        </note>
      <note default-x="177.53" default-y="-250.00" dynamics="100.00">
        <pitch>
          <step>E</step>
          <octave>4</octave>
          </pitch>
        <duration>4</duration>
        <voice>1</voice>
        <type>quarter</type>
        <accidental>natural</accidental>
        <stem>up</stem>
        </note>
      </measure>
    <measure number="11" width="388.07">
      <print new-system="yes">
        <staff-layout number="1">
          <staff-distance>65.00</staff-distance>
          </staff-layout>
        </print>
      <note default-x="90.77" default-y="-255.00" dynamics="100.00">
        <pitch>
          <step>D</step>
          <octave>4</octave>
          </pitch>
        <duration>2</duration>
        <voice>1</voice>
        <type>eighth</type>
        <stem>up</stem>
        <beam number="1">begin</beam>
        </note>
      <note default-x="155.75" default-y="-260.00" dynamics="100.00">
        <pitch>
          <step>C</step>
          <octave>4</octave>
          </pitch>
        <duration>2</duration>
        <voice>1</voice>
        <type>eighth</type>
        <stem>up</stem>
        <beam number="1">end</beam>
        </note>
      <note default-x="220.36" default-y="-265.00" dynamics="100.00">
        <pitch>
          <step>B</step>
          <octave>3</octave>
          </pitch>
        <duration>12</duration>
        <voice>1</voice>
        <type>half</type>
        <dot/>
        <accidental>natural</accidental>
        <stem>up</stem>
        </note>
      </measure>
    </part>
  <part id="P4">
    <measure number="1" width="234.24">
      <print>
        <staff-layout number="1">
          <staff-distance>65.00</staff-distance>
          </staff-layout>
        </print>
      <attributes>
        <divisions>4</divisions>
        <key>
          <fifths>-2</fifths>
          </key>
        <time>
          <beats>4</beats>
          <beat-type>4</beat-type>
          </time>
        <clef>
          <sign>F</sign>
          <line>4</line>
          </clef>
        </attributes>
      <note default-x="96.46" default-y="-320.00" dynamics="100.00">
        <pitch>
          <step>G</step>
          <octave>3</octave>
          </pitch>
        <duration>4</duration>
        <voice>1</voice>
        <type>quarter</type>
        <stem>down</stem>
        </note>
      <note default-x="126.72" default-y="-340.00" dynamics="100.00">
        <pitch>
          <step>C</step>
          <octave>3</octave>
          </pitch>
        <duration>2</duration>
        <voice>1</voice>
        <type>eighth</type>
        <stem>up</stem>
        <beam number="1">begin</beam>
        </note>
      <note default-x="145.63" default-y="-335.00" dynamics="100.00">
        <pitch>
          <step>D</step>
          <octave>3</octave>
          </pitch>
        <duration>2</duration>
        <voice>1</voice>
        <type>eighth</type>
        <stem>up</stem>
        <beam number="1">end</beam>
        </note>
      <note default-x="164.55" default-y="-330.00" dynamics="100.00">
        <pitch>
          <step>E</step>
          <alter>-1</alter>
          <octave>3</octave>
          </pitch>
        <duration>4</duration>
        <voice>1</voice>
        <type>quarter</type>
        <stem>down</stem>
        </note>
      <note default-x="202.38" default-y="-335.00" dynamics="100.00">
        <pitch>
          <step>D</step>
          <octave>3</octave>
          </pitch>
        <duration>4</duration>
        <voice>1</voice>
        <type>quarter</type>
        <stem>down</stem>
        </note>
      </measure>
    <measure number="2" width="170.20">
      <note default-x="18.42" default-y="-340.00" dynamics="100.00">
        <pitch>
          <step>C</step>
          <octave>3</octave>
          </pitch>
        <duration>4</duration>
        <voice>1</voice>
        <type>quarter</type>
        <stem>up</stem>
        </note>
      <note default-x="49.42" default-y="-345.00" dynamics="100.00">
        <pitch>
          <step>B</step>
          <alter>-1</alter>
          <octave>2</octave>
          </pitch>
        <duration>4</duration>
        <voice>1</voice>
        <type>quarter</type>
        <stem>up</stem>
        </note>
      <note default-x="106.59" default-y="-350.00" dynamics="100.00">
        <pitch>
          <step>A</step>
          <octave>2</octave>
          </pitch>
        <duration>4</duration>
        <voice>1</voice>
        <type>quarter</type>
        <stem>up</stem>
        </note>
      <note default-x="137.59" default-y="-355.00" dynamics="100.00">
        <pitch>
          <step>G</step>
          <octave>2</octave>
          </pitch>
        <duration>4</duration>
        <voice>1</voice>
        <type>quarter</type>
        <stem>up</stem>
        </note>
      </measure>
    <measure number="3" width="157.04">
      <note default-x="12.00" default-y="-320.00" dynamics="100.00">
        <pitch>
          <step>G</step>
          <octave>3</octave>
          </pitch>
        <duration>4</duration>
        <voice>1</voice>
        <type>quarter</type>
        <stem>down</stem>
        </note>
      <note default-x="47.86" default-y="-325.00" dynamics="100.00">
        <pitch>
          <step>F</step>
          <alter>1</alter>
          <octave>3</octave>
          </pitch>
        <duration>4</duration>
        <voice>1</voice>
        <type>quarter</type>
        <accidental>sharp</accidental>
        <stem>down</stem>
        </note>
      <note default-x="83.72" default-y="-320.00" dynamics="100.00">
        <pitch>
          <step>G</step>
          <octave>3</octave>
          </pitch>
        <duration>4</duration>
        <voice>1</voice>
        <type>quarter</type>
        <stem>down</stem>
        </note>
      <note default-x="119.58" default-y="-335.00" dynamics="100.00">
        <pitch>
          <step>D</step>
          <octave>3</octave>
          </pitch>
        <duration>4</duration>
        <voice>1</voice>
        <type>quarter</type>
        <stem>down</stem>
        </note>
      </measure>
    <measure number="4" width="141.87">
      <note default-x="18.42" default-y="-335.00" dynamics="100.00">
        <pitch>
          <step>D</step>
          <octave>3</octave>
          </pitch>
        <duration>4</duration>
        <voice>1</voice>
        <type>quarter</type>
        <stem>down</stem>
        </note>
      <note default-x="45.64" default-y="-320.00" dynamics="100.00">
        <pitch>
          <step>G</step>
          <octave>3</octave>
          </pitch>
        <duration>4</duration>
        <voice>1</voice>
        <type>quarter</type>
        <stem>down</stem>
        </note>
      <note default-x="72.86" default-y="-305.00" dynamics="100.00">
        <pitch>
          <step>C</step>
          <octave>4</octave>
          </pitch>
        <duration>4</duration>
        <voice>1</voice>
        <type>quarter</type>
        <stem>down</stem>
        </note>
      <note default-x="100.09" default-y="-310.00" dynamics="100.00">
        <pitch>
          <step>B</step>
          <alter>-1</alter>
          <octave>3</octave>
          </pitch>
        <duration>4</duration>
        <voice>1</voice>
        <type>quarter</type>
        <stem>down</stem>
        </note>
      </measure>
    <measure number="5" width="230.53">
      <note default-x="16.27" default-y="-315.00" dynamics="100.00">
        <pitch>
          <step>A</step>
          <alter>-1</alter>
          <octave>3</octave>
          </pitch>
        <duration>4</duration>
        <voice>1</voice>
        <type>quarter</type>
        <accidental>flat</accidental>
        <stem>down</stem>
        </note>
      <note default-x="84.86" default-y="-320.00" dynamics="100.00">
        <pitch>
          <step>G</step>
          <octave>3</octave>
          </pitch>
        <duration>4</duration>
        <voice>1</voice>
        <type>quarter</type>
        <stem>down</stem>
        </note>
      <note default-x="132.89" default-y="-325.00" dynamics="100.00">
        <pitch>
          <step>F</step>
          <alter>1</alter>
          <octave>3</octave>
          </pitch>
        <duration>4</duration>
        <voice>1</voice>
        <type>quarter</type>
        <accidental>sharp</accidental>
        <stem>down</stem>
        </note>
      <note default-x="180.91" default-y="-325.00" dynamics="100.00">
        <pitch>
          <step>F</step>
          <octave>3</octave>
          </pitch>
        <duration>4</duration>
        <voice>1</voice>
        <type>quarter</type>
        <accidental>natural</accidental>
        <stem>down</stem>
        </note>
      </measure>
    <measure number="6" width="227.95">
      <print new-system="yes">
        <staff-layout number="1">
          <staff-distance>65.00</staff-distance>
          </staff-layout>
        </print>
      <note default-x="88.62" default-y="-330.00" dynamics="100.00">
        <pitch>
          <step>E</step>
          <octave>3</octave>
          </pitch>
        <duration>4</duration>
        <voice>1</voice>
        <type>quarter</type>
        <accidental>natural</accidental>
        <stem>down</stem>
        </note>
      <note default-x="126.52" default-y="-325.00" dynamics="100.00">
        <pitch>
          <step>F</step>
          <octave>3</octave>
          </pitch>
        <duration>8</duration>
        <voice>1</voice>
        <type>half</type>
        <stem>down</stem>
        </note>
      <note default-x="195.74" default-y="-345.00" dynamics="100.00">
        <pitch>
          <step>B</step>
          <alter>-1</alter>
          <octave>2</octave>
          </pitch>
        <duration>4</duration>
        <voice>1</voice>
        <type>quarter</type>
        <stem>up</stem>
        </note>
      </measure>
    <measure number="7" width="189.79">
      <note default-x="12.00" default-y="-355.00" dynamics="100.00">
        <pitch>
          <step>G</step>
          <octave>2</octave>
          </pitch>
        <duration>4</duration>
        <voice>1</voice>
        <type>quarter</type>
        <stem>up</stem>
        </note>
      <note default-x="58.70" default-y="-340.00" dynamics="100.00">
        <pitch>
          <step>C</step>
          <octave>3</octave>
          </pitch>
        <duration>4</duration>
        <voice>1</voice>
        <type>quarter</type>
        <stem>up</stem>
        </note>
      <note default-x="113.47" default-y="-335.00" dynamics="100.00">
        <pitch>
          <step>D</step>
          <alter>-1</alter>
          <octave>3</octave>
          </pitch>
        <duration>4</duration>
        <voice>1</voice>
        <type>quarter</type>
        <accidental>flat</accidental>
        <stem>down</stem>
        </note>
      <note default-x="150.83" default-y="-335.00" dynamics="100.00">
        <pitch>
          <step>D</step>
          <octave>3</octave>
          </pitch>
        <duration>4</duration>
        <tie type="start"/>
        <voice>1</voice>
        <type>quarter</type>
        <accidental>natural</accidental>
        <stem>down</stem>
        <notations>
          <tied type="start"/>
          </notations>
        </note>
      </measure>
    <measure number="8" width="191.51">
      <note default-x="12.00" default-y="-335.00" dynamics="100.00">
        <pitch>
          <step>D</step>
          <octave>3</octave>
          </pitch>
        <duration>2</duration>
        <tie type="stop"/>
        <voice>1</voice>
        <type>eighth</type>
        <stem>up</stem>
        <beam number="1">begin</beam>
        <notations>
          <tied type="stop"/>
          </notations>
        </note>
      <note default-x="34.11" default-y="-340.00" dynamics="100.00">
        <pitch>
          <step>C</step>
          <octave>3</octave>
          </pitch>
        <duration>2</duration>
        <voice>1</voice>
        <type>eighth</type>
        <stem>up</stem>
        <beam number="1">continue</beam>
        </note>
      <note default-x="56.21" default-y="-345.00" dynamics="100.00">
        <pitch>
          <step>B</step>
          <alter>-1</alter>
          <octave>2</octave>
          </pitch>
        <duration>2</duration>
        <voice>1</voice>
        <type>eighth</type>
        <stem>up</stem>
        <beam number="1">continue</beam>
        </note>
      <note default-x="78.32" default-y="-340.00" dynamics="100.00">
        <pitch>
          <step>C</step>
          <octave>3</octave>
          </pitch>
        <duration>2</duration>
        <voice>1</voice>
        <type>eighth</type>
        <stem>up</stem>
        <beam number="1">end</beam>
        </note>
      <note default-x="100.43" default-y="-335.00" dynamics="100.00">
        <pitch>
          <step>D</step>
          <octave>3</octave>
          </pitch>
        <duration>2</duration>
        <voice>1</voice>
        <type>eighth</type>
        <stem>up</stem>
        <beam number="1">begin</beam>
        </note>
      <note default-x="122.53" default-y="-345.00" dynamics="100.00">
        <pitch>
          <step>B</step>
          <alter>-1</alter>
          <octave>2</octave>
          </pitch>
        <duration>2</duration>
        <voice>1</voice>
        <type>eighth</type>
        <stem>up</stem>
        <beam number="1">end</beam>
        </note>
      <note default-x="144.64" default-y="-330.00" dynamics="100.00">
        <pitch>
          <step>E</step>
          <alter>-1</alter>
          <octave>3</octave>
          </pitch>
        <duration>4</duration>
        <voice>1</voice>
        <type>quarter</type>
        <stem>down</stem>
        </note>
      </measure>
    <measure number="9" width="199.85">
      <note default-x="12.00" default-y="-325.00" dynamics="100.00">
        <pitch>
          <step>F</step>
          <octave>3</octave>
          </pitch>
        <duration>2</duration>
        <voice>1</voice>
        <type>eighth</type>
        <stem>up</stem>
        <beam number="1">begin</beam>
        </note>
      <note default-x="36.16" default-y="-360.00" dynamics="100.00">
        <pitch>
          <step>F</step>
          <octave>2</octave>
          </pitch>
        <duration>2</duration>
        <voice>1</voice>
        <type>eighth</type>
        <stem>up</stem>
        <beam number="1">end</beam>
        </note>
      <note default-x="60.32" default-y="-355.00" dynamics="100.00">
        <pitch>
          <step>G</step>
          <octave>2</octave>
          </pitch>
        <duration>4</duration>
        <voice>1</voice>
        <type>quarter</type>
        <stem>up</stem>
        </note>
      <note default-x="131.81" default-y="-350.00" dynamics="100.00">
        <pitch>
          <step>A</step>
          <octave>2</octave>
          </pitch>
        <duration>4</duration>
        <voice>1</voice>
        <type>quarter</type>
        <stem>up</stem>
        </note>
      <note default-x="165.03" default-y="-345.00" dynamics="100.00">
        <pitch>
          <step>B</step>
          <alter>-1</alter>
          <octave>2</octave>
          </pitch>
        <duration>4</duration>
        <voice>1</voice>
        <type>quarter</type>
        <stem>up</stem>
        </note>
      </measure>
    <measure number="10" width="214.76">
      <note default-x="44.04" default-y="-345.00" dynamics="100.00">
        <pitch>
          <step>B</step>
          <alter>-1</alter>
          <octave>2</octave>
          </pitch>
        <duration>4</duration>
        <voice>1</voice>
        <type>quarter</type>
        <stem>up</stem>
        </note>
      <note default-x="79.66" default-y="-360.00" dynamics="100.00">
        <pitch>
          <step>F</step>
          <alter>1</alter>
          <octave>2</octave>
          </pitch>
        <duration>2</duration>
        <voice>1</voice>
        <type>eighth</type>
        <accidental>sharp</accidental>
        <stem>up</stem>
        <beam number="1">begin</beam>
        </note>
      <note default-x="110.74" default-y="-325.00" dynamics="100.00">
        <pitch>
          <step>F</step>
          <alter>1</alter>
          <octave>3</octave>
          </pitch>
        <duration>2</duration>
        <voice>1</voice>
        <type>eighth</type>
        <accidental>sharp</accidental>
        <stem>up</stem>
        <beam number="1">end</beam>
        </note>
      <note default-x="133.01" default-y="-320.00" dynamics="100.00">
        <pitch>
          <step>G</step>
          <octave>3</octave>
          </pitch>
        <duration>4</duration>
        <voice>1</voice>
        <type>quarter</type>
        <stem>down</stem>
        </note>
      <note default-x="177.53" default-y="-335.00" dynamics="100.00">
        <pitch>
          <step>D</step>
          <alter>-1</alter>
          <octave>3</octave>
          </pitch>
        <duration>4</duration>
        <voice>1</voice>
        <type>quarter</type>
        <accidental>flat</accidental>
        <stem>down</stem>
        </note>
      </measure>
    <measure number="11" width="388.07">
      <print new-system="yes">
        <staff-layout number="1">
          <staff-distance>65.00</staff-distance>
          </staff-layout>
        </print>
      <note default-x="90.77" default-y="-335.00" dynamics="100.00">
        <pitch>
          <step>D</step>
          <octave>3</octave>
          </pitch>
        <duration>4</duration>
        <voice>1</voice>
        <type>quarter</type>
        <stem>down</stem>
        </note>
      <note default-x="220.36" default-y="-355.00" dynamics="100.00">
        <pitch>
          <step>G</step>
          <octave>2</octave>
          </pitch>
        <duration>12</duration>
        <voice>1</voice>
        <type>half</type>
        <dot/>
        <stem>up</stem>
        </note>
      </measure>
    </part>
  </score-partwise>
