<?xml version="1.0" encoding="UTF-8"?>
<!DOCTYPE score-partwise PUBLIC "-//Recordare//DTD MusicXML 3.0 Partwise//EN" "http://www.musicxml.org/dtds/partwise.dtd">
<score-partwise>
  <identification>
    <encoding>
      <software>MuseScore 2.1.0</software>
      <encoding-date>2018-01-01</encoding-date>
      <supports element="accidental" type="yes"/>
      <supports element="beam" type="yes"/>
      <supports element="print" attribute="new-page" type="yes" value="yes"/>
      <supports element="print" attribute="new-system" type="yes" value="yes"/>
      <supports element="stem" type="yes"/>
      </encoding>
    </identification>
  <defaults>
    <scaling>
      <millimeters>7.05556</millimeters>
      <tenths>40</tenths>
      </scaling>
    <page-layout>
      <page-height>1683.78</page-height>
      <page-width>1190.55</page-width>
      <page-margins type="even">
        <left-margin>56.6929</left-margin>
        <right-margin>56.6929</right-margin>
        <top-margin>56.6929</top-margin>
        <bottom-margin>113.386</bottom-margin>
        </page-margins>
      <page-margins type="odd">
        <left-margin>56.6929</left-margin>
        <right-margin>56.6929</right-margin>
        <top-margin>56.6929</top-margin>
        <bottom-margin>113.386</bottom-margin>
        </page-margins>
      </page-layout>
    <word-font font-family="FreeSerif" font-size="10"/>
    <lyric-font font-family="FreeSerif" font-size="11"/>
    </defaults>
  <part-list>
    <score-part id="P1">
      <part-name>Harpsichord, Klavier, rechte Hand</part-name>
      <part-abbreviation>Hch.</part-abbreviation>
      <score-instrument id="P1-I1">
        <instrument-name>Harpsichord</instrument-name>
        </score-instrument>
      <midi-device id="P1-I1" port="1"></midi-device>
      <midi-instrument id="P1-I1">
        <midi-channel>1</midi-channel>
        <midi-program>7</midi-program>
        <volume>78.7402</volume>
        <pan>0</pan>
        </midi-instrument>
      </score-part>
    </part-list>
  <part id="P1">
    <measure number="1" width="225.29">
      <print>
        <system-layout>
          <system-margins>
            <left-margin>21.00</left-margin>
            <right-margin>0.00</right-margin>
            </system-margins>
          <top-system-distance>70.00</top-system-distance>
          </system-layout>
        <staff-layout number="2">
          <staff-distance>65.00</staff-distance>
          </staff-layout>
        </print>
      <attributes>
        <divisions>4</divisions>
        <key>
          <fifths>2</fifths>
          </key>
        <time>
          <beats>2</beats>
          <beat-type>4</beat-type>
          </time>
        <staves>2</staves>
        <clef number="1">
          <sign>G</sign>
          <line>2</line>
          </clef>
        <clef number="2">
          <sign>F</sign>
          <line>4</line>
          </clef>
        </attributes>
      <direction placement="above">
        <direction-type>
          <metronome parentheses="no">
            <beat-unit>quarter</beat-unit>
            <per-minute>100</per-minute>
            </metronome>
          </direction-type>
        <staff>1</staff>
        <sound tempo="100"/>
        </direction>
      <note default-x="98.37" default-y="10.00" dynamics="100.00">
        <pitch>
          <step>A</step>
          <octave>5</octave>
          </pitch>
        <duration>4</duration>
        <voice>1</voice>
        <type>quarter</type>
        <stem>down</stem>
        <staff>1</staff>
        </note>
      <note default-x="151.09" default-y="5.00" dynamics="100.00">
        <pitch>
          <step>G</step>
          <octave>5</octave>
          </pitch>
        <duration>1</duration>
        <voice>1</voice>
        <type>16th</type>
        <stem>down</stem>
        <staff>1</staff>
        <beam number="1">begin</beam>
        <beam number="2">begin</beam>
        </note>
      <note default-x="167.57" default-y="0.00" dynamics="100.00">
        <pitch>
          <step>F</step>
          <alter>1</alter>
          <octave>5</octave>
          </pitch>
        <duration>1</duration>
        <voice>1</voice>
        <type>16th</type>
        <stem>down</stem>
        <staff>1</staff>
        <beam number="1">continue</beam>
        <beam number="2">continue</beam>
        </note>
      <note default-x="184.05" default-y="-5.00" dynamics="100.00">
        <pitch>
          <step>E</step>
          <octave>5</octave>
          </pitch>
        <duration>1</duration>
        <voice>1</voice>
        <type>16th</type>
        <stem>down</stem>
        <staff>1</staff>
        <beam number="1">continue</beam>
        <beam number="2">continue</beam>
        </note>
      <note default-x="200.53" default-y="-10.00" dynamics="100.00">
        <pitch>
          <step>D</step>
          <octave>5</octave>
          </pitch>
        <duration>1</duration>
        <voice>1</voice>
        <type>16th</type>
        <stem>down</stem>
        <staff>1</staff>
        <beam number="1">end</beam>
        <beam number="2">end</beam>
        </note>
      <backup>
        <duration>8</duration>
        </backup>
      <note default-x="98.37" default-y="-160.00" dynamics="100.00">
        <pitch>
          <step>D</step>
          <octave>2</octave>
          </pitch>
        <duration>2</duration>
        <voice>5</voice>
        <type>eighth</type>
        <stem>up</stem>
        <staff>2</staff>
        <beam number="1">begin</beam>
        </note>
      <note default-x="124.73" default-y="-125.00" dynamics="100.00">
        <pitch>
          <step>D</step>
          <octave>3</octave>
          </pitch>
        <duration>2</duration>
        <voice>5</voice>
        <type>eighth</type>
        <stem>up</stem>
        <staff>2</staff>
        <beam number="1">end</beam>
        </note>
      <note default-x="151.09" default-y="-160.00" dynamics="100.00">
        <pitch>
          <step>D</step>
          <octave>2</octave>
          </pitch>
        <duration>2</duration>
        <voice>5</voice>
        <type>eighth</type>
        <stem>up</stem>
        <staff>2</staff>
        <beam number="1">begin</beam>
        </note>
      <note default-x="184.05" default-y="-125.00" dynamics="100.00">
        <pitch>
          <step>D</step>
          <octave>3</octave>
          </pitch>
        <duration>2</duration>
        <voice>5</voice>
        <type>eighth</type>
        <stem>up</stem>
        <staff>2</staff>
        <beam number="1">end</beam>
        </note>
      </measure>
    <measure number="2" width="148.92">
      <note default-x="12.00" default-y="10.00" dynamics="100.00">
        <pitch>
          <step>A</step>
          <octave>5</octave>
          </pitch>
        <duration>4</duration>
        <voice>1</voice>
        <type>quarter</type>
        <stem>down</stem>
        <staff>1</staff>
        </note>
      <note default-x="69.89" default-y="5.00" dynamics="100.00">
        <pitch>
          <step>G</step>
          <octave>5</octave>
          </pitch>
        <duration>1</duration>
        <voice>1</voice>
        <type>16th</type>
        <stem>down</stem>
        <staff>1</staff>
        <beam number="1">begin</beam>
        <beam number="2">begin</beam>
        </note>
      <note default-x="87.98" default-y="0.00" dynamics="100.00">
        <pitch>
          <step>F</step>
          <alter>1</alter>
          <octave>5</octave>
          </pitch>
        <duration>1</duration>
        <voice>1</voice>
        <type>16th</type>
        <stem>down</stem>
        <staff>1</staff>
        <beam number="1">continue</beam>
        <beam number="2">continue</beam>
        </note>
      <note default-x="106.07" default-y="-5.00" dynamics="100.00">
        <pitch>
          <step>E</step>
          <octave>5</octave>
          </pitch>
        <duration>1</duration>
        <voice>1</voice>
        <type>16th</type>
        <stem>down</stem>
        <staff>1</staff>
        <beam number="1">continue</beam>
        <beam number="2">continue</beam>
        </note>
      <note default-x="124.16" default-y="-10.00" dynamics="100.00">
        <pitch>
          <step>D</step>
          <octave>5</octave>
          </pitch>
        <duration>1</duration>
        <voice>1</voice>
        <type>16th</type>
        <stem>down</stem>
        <staff>1</staff>
        <beam number="1">end</beam>
        <beam number="2">end</beam>
        </note>
      <backup>
        <duration>8</duration>
        </backup>
      <note default-x="12.00" default-y="-160.00" dynamics="100.00">
        <pitch>
          <step>D</step>
          <octave>2</octave>
          </pitch>
        <duration>2</duration>
        <voice>5</voice>
        <type>eighth</type>
        <stem>up</stem>
        <staff>2</staff>
        <beam number="1">begin</beam>
        </note>
      <note default-x="40.94" default-y="-125.00" dynamics="100.00">
        <pitch>
          <step>D</step>
          <octave>3</octave>
          </pitch>
        <duration>2</duration>
        <voice>5</voice>
        <type>eighth</type>
        <stem>up</stem>
        <staff>2</staff>
        <beam number="1">end</beam>
        </note>
      <note default-x="69.89" default-y="-160.00" dynamics="100.00">
        <pitch>
          <step>D</step>
          <octave>2</octave>
          </pitch>
        <duration>2</duration>
        <voice>5</voice>
        <type>eighth</type>
        <stem>up</stem>
        <staff>2</staff>
        <beam number="1">begin</beam>
        </note>
      <note default-x="106.07" default-y="-125.00" dynamics="100.00">
        <pitch>
          <step>D</step>
          <octave>3</octave>
          </pitch>
        <duration>2</duration>
        <voice>5</voice>
        <type>eighth</type>
        <stem>up</stem>
        <staff>2</staff>
        <beam number="1">end</beam>
        </note>
      </measure>
    <measure number="3" width="133.26">
      <note default-x="12.00" default-y="-35.00" dynamics="100.00">
        <pitch>
          <step>F</step>
          <alter>1</alter>
          <octave>4</octave>
          </pitch>
        <duration>1</duration>
        <voice>1</voice>
        <type>16th</type>
        <stem>up</stem>
        <staff>1</staff>
        <beam number="1">begin</beam>
        <beam number="2">begin</beam>
        </note>
      <note default-x="29.60" default-y="-30.00" dynamics="100.00">
        <pitch>
          <step>G</step>
          <octave>4</octave>
          </pitch>
        <duration>1</duration>
        <voice>1</voice>
        <type>16th</type>
        <stem>up</stem>
        <staff>1</staff>
        <beam number="1">continue</beam>
        <beam number="2">end</beam>
        </note>
      <note default-x="47.19" default-y="-25.00" dynamics="100.00">
        <pitch>
          <step>A</step>
          <octave>4</octave>
          </pitch>
        <duration>2</duration>
        <voice>1</voice>
        <type>eighth</type>
        <stem>up</stem>
        <staff>1</staff>
        <beam number="1">end</beam>
        </note>
      <note default-x="75.35" default-y="-30.00" dynamics="100.00">
        <pitch>
          <step>G</step>
          <octave>4</octave>
          </pitch>
        <duration>2</duration>
        <voice>1</voice>
        <type>eighth</type>
        <stem>up</stem>
        <staff>1</staff>
        <beam number="1">begin</beam>
        </note>
      <note default-x="103.50" default-y="-35.00" dynamics="100.00">
        <pitch>
          <step>F</step>
          <alter>1</alter>
          <octave>4</octave>
          </pitch>
        <duration>2</duration>
        <voice>1</voice>
        <type>eighth</type>
        <stem>up</stem>
        <staff>1</staff>
        <beam number="1">end</beam>
        </note>
      <backup>
        <duration>8</duration>
        </backup>
      <note default-x="12.00" default-y="-115.00" dynamics="100.00">
        <pitch>
          <step>F</step>
          <alter>1</alter>
          <octave>3</octave>
          </pitch>
        <duration>1</duration>
        <voice>5</voice>
        <type>16th</type>
        <stem>down</stem>
        <staff>2</staff>
        <beam number="1">begin</beam>
        <beam number="2">begin</beam>
        </note>
      <note default-x="29.60" default-y="-110.00" dynamics="100.00">
        <pitch>
          <step>G</step>
          <octave>3</octave>
          </pitch>
        <duration>1</duration>
        <voice>5</voice>
        <type>16th</type>
        <stem>down</stem>
        <staff>2</staff>
        <beam number="1">continue</beam>
        <beam number="2">end</beam>
        </note>
      <note default-x="47.19" default-y="-105.00" dynamics="100.00">
        <pitch>
          <step>A</step>
          <octave>3</octave>
          </pitch>
        <duration>2</duration>
        <voice>5</voice>
        <type>eighth</type>
        <stem>down</stem>
        <staff>2</staff>
        <beam number="1">end</beam>
        </note>
      <note default-x="75.35" default-y="-110.00" dynamics="100.00">
        <pitch>
          <step>G</step>
          <octave>3</octave>
          </pitch>
        <duration>2</duration>
        <voice>5</voice>
        <type>eighth</type>
        <stem>down</stem>
        <staff>2</staff>
        <beam number="1">begin</beam>
        </note>
      <note default-x="103.50" default-y="-115.00" dynamics="100.00">
        <pitch>
          <step>F</step>
          <alter>1</alter>
          <octave>3</octave>
          </pitch>
        <duration>2</duration>
        <voice>5</voice>
        <type>eighth</type>
        <stem>down</stem>
        <staff>2</staff>
        <beam number="1">end</beam>
        </note>
      </measure>
    <measure number="4" width="117.59">
      <note default-x="12.00" default-y="-40.00" dynamics="100.00">
        <pitch>
          <step>E</step>
          <octave>4</octave>
          </pitch>
        <duration>2</duration>
        <voice>1</voice>
        <type>eighth</type>
        <stem>up</stem>
        <staff>1</staff>
        <beam number="1">begin</beam>
        </note>
      <note default-x="38.00" default-y="-25.00" dynamics="100.00">
        <pitch>
          <step>A</step>
          <octave>4</octave>
          </pitch>
        <duration>2</duration>
        <voice>1</voice>
        <type>eighth</type>
        <stem>up</stem>
        <staff>1</staff>
        <beam number="1">end</beam>
        </note>
      <note default-x="64.00" default-y="-35.00" dynamics="100.00">
        <pitch>
          <step>F</step>
          <alter>1</alter>
          <octave>4</octave>
          </pitch>
        <duration>2</duration>
        <voice>1</voice>
        <type>eighth</type>
        <stem>up</stem>
        <staff>1</staff>
        <beam number="1">begin</beam>
        </note>
      <note default-x="89.99" default-y="-45.00" dynamics="100.00">
        <pitch>
          <step>D</step>
          <octave>4</octave>
          </pitch>
        <duration>2</duration>
        <voice>1</voice>
        <type>eighth</type>
        <stem>up</stem>
        <staff>1</staff>
        <beam number="1">end</beam>
        </note>
      <backup>
        <duration>8</duration>
        </backup>
      <note default-x="12.00" default-y="-120.00" dynamics="100.00">
        <pitch>
          <step>E</step>
          <octave>3</octave>
          </pitch>
        <duration>2</duration>
        <voice>5</voice>
        <type>eighth</type>
        <stem>down</stem>
        <staff>2</staff>
        <beam number="1">begin</beam>
        </note>
      <note default-x="38.00" default-y="-105.00" dynamics="100.00">
        <pitch>
          <step>A</step>
          <octave>3</octave>
          </pitch>
        <duration>2</duration>
        <voice>5</voice>
        <type>eighth</type>
        <stem>down</stem>
        <staff>2</staff>
        <beam number="1">end</beam>
        </note>
      <note default-x="64.00" default-y="-115.00" dynamics="100.00">
        <pitch>
          <step>F</step>
          <alter>1</alter>
          <octave>3</octave>
          </pitch>
        <duration>2</duration>
        <voice>5</voice>
        <type>eighth</type>
        <stem>down</stem>
        <staff>2</staff>
        <beam number="1">begin</beam>
        </note>
      <note default-x="89.99" default-y="-125.00" dynamics="100.00">
        <pitch>
          <step>D</step>
          <octave>3</octave>
          </pitch>
        <duration>2</duration>
        <voice>5</voice>
        <type>eighth</type>
        <stem>down</stem>
        <staff>2</staff>
        <beam number="1">end</beam>
        </note>
      </measure>
    <measure number="5" width="148.92">
      <note default-x="12.00" default-y="10.00" dynamics="100.00">
        <pitch>
          <step>A</step>
          <octave>5</octave>
          </pitch>
        <duration>4</duration>
        <voice>1</voice>
        <type>quarter</type>
        <stem>down</stem>
        <staff>1</staff>
        </note>
      <note default-x="69.89" default-y="5.00" dynamics="100.00">
        <pitch>
          <step>G</step>
          <octave>5</octave>
          </pitch>
        <duration>1</duration>
        <voice>1</voice>
        <type>16th</type>
        <stem>down</stem>
        <staff>1</staff>
        <beam number="1">begin</beam>
        <beam number="2">begin</beam>
        </note>
      <note default-x="87.98" default-y="0.00" dynamics="100.00">
        <pitch>
          <step>F</step>
          <alter>1</alter>
          <octave>5</octave>
          </pitch>
        <duration>1</duration>
        <voice>1</voice>
        <type>16th</type>
        <stem>down</stem>
        <staff>1</staff>
        <beam number="1">continue</beam>
        <beam number="2">continue</beam>
        </note>
      <note default-x="106.07" default-y="-5.00" dynamics="100.00">
        <pitch>
          <step>E</step>
          <octave>5</octave>
          </pitch>
        <duration>1</duration>
        <voice>1</voice>
        <type>16th</type>
        <stem>down</stem>
        <staff>1</staff>
        <beam number="1">continue</beam>
        <beam number="2">continue</beam>
        </note>
      <note default-x="124.16" default-y="-10.00" dynamics="100.00">
        <pitch>
          <step>D</step>
          <octave>5</octave>
          </pitch>
        <duration>1</duration>
        <voice>1</voice>
        <type>16th</type>
        <stem>down</stem>
        <staff>1</staff>
        <beam number="1">end</beam>
        <beam number="2">end</beam>
        </note>
      <backup>
        <duration>8</duration>
        </backup>
      <note default-x="12.00" default-y="-160.00" dynamics="100.00">
        <pitch>
          <step>D</step>
          <octave>2</octave>
          </pitch>
        <duration>2</duration>
        <voice>5</voice>
        <type>eighth</type>
        <stem>up</stem>
        <staff>2</staff>
        <beam number="1">begin</beam>
        </note>
      <note default-x="40.94" default-y="-125.00" dynamics="100.00">
        <pitch>
          <step>D</step>
          <octave>3</octave>
          </pitch>
        <duration>2</duration>
        <voice>5</voice>
        <type>eighth</type>
        <stem>up</stem>
        <staff>2</staff>
        <beam number="1">end</beam>
        </note>
      <note default-x="69.89" default-y="-160.00" dynamics="100.00">
        <pitch>
          <step>D</step>
          <octave>2</octave>
          </pitch>
        <duration>2</duration>
        <voice>5</voice>
        <type>eighth</type>
        <stem>up</stem>
        <staff>2</staff>
        <beam number="1">begin</beam>
        </note>
      <note default-x="106.07" default-y="-125.00" dynamics="100.00">
        <pitch>
          <step>D</step>
          <octave>3</octave>
          </pitch>
        <duration>2</duration>
        <voice>5</voice>
        <type>eighth</type>
        <stem>up</stem>
        <staff>2</staff>
        <beam number="1">end</beam>
        </note>
      </measure>
    <measure number="6" width="148.92">
      <note default-x="12.00" default-y="10.00" dynamics="100.00">
        <pitch>
          <step>A</step>
          <octave>5</octave>
          </pitch>
        <duration>4</duration>
        <voice>1</voice>
        <type>quarter</type>
        <stem>down</stem>
        <staff>1</staff>
        </note>
      <note default-x="69.89" default-y="5.00" dynamics="100.00">
        <pitch>
          <step>G</step>
          <octave>5</octave>
          </pitch>
        <duration>1</duration>
        <voice>1</voice>
        <type>16th</type>
        <stem>down</stem>
        <staff>1</staff>
        <beam number="1">begin</beam>
        <beam number="2">begin</beam>
        </note>
      <note default-x="87.98" default-y="0.00" dynamics="100.00">
        <pitch>
          <step>F</step>
          <alter>1</alter>
          <octave>5</octave>
          </pitch>
        <duration>1</duration>
        <voice>1</voice>
        <type>16th</type>
        <stem>down</stem>
        <staff>1</staff>
        <beam number="1">continue</beam>
        <beam number="2">continue</beam>
        </note>
      <note default-x="106.07" default-y="-5.00" dynamics="100.00">
        <pitch>
          <step>E</step>
          <octave>5</octave>
          </pitch>
        <duration>1</duration>
        <voice>1</voice>
        <type>16th</type>
        <stem>down</stem>
        <staff>1</staff>
        <beam number="1">continue</beam>
        <beam number="2">continue</beam>
        </note>
      <note default-x="124.16" default-y="-10.00" dynamics="100.00">
        <pitch>
          <step>D</step>
          <octave>5</octave>
          </pitch>
        <duration>1</duration>
        <voice>1</voice>
        <type>16th</type>
        <stem>down</stem>
        <staff>1</staff>
        <beam number="1">end</beam>
        <beam number="2">end</beam>
        </note>
      <backup>
        <duration>8</duration>
        </backup>
      <note default-x="12.00" default-y="-160.00" dynamics="100.00">
        <pitch>
          <step>D</step>
          <octave>2</octave>
          </pitch>
        <duration>2</duration>
        <voice>5</voice>
        <type>eighth</type>
        <stem>up</stem>
        <staff>2</staff>
        <beam number="1">begin</beam>
        </note>
      <note default-x="40.94" default-y="-125.00" dynamics="100.00">
        <pitch>
          <step>D</step>
          <octave>3</octave>
          </pitch>
        <duration>2</duration>
        <voice>5</voice>
        <type>eighth</type>
        <stem>up</stem>
        <staff>2</staff>
        <beam number="1">end</beam>
        </note>
      <note default-x="69.89" default-y="-160.00" dynamics="100.00">
        <pitch>
          <step>D</step>
          <octave>2</octave>
          </pitch>
        <duration>2</duration>
        <voice>5</voice>
        <type>eighth</type>
        <stem>up</stem>
        <staff>2</staff>
        <beam number="1">begin</beam>
        </note>
      <note default-x="106.07" default-y="-125.00" dynamics="100.00">
        <pitch>
          <step>D</step>
          <octave>3</octave>
          </pitch>
        <duration>2</duration>
        <voice>5</voice>
        <type>eighth</type>
        <stem>up</stem>
        <staff>2</staff>
        <beam number="1">end</beam>
        </note>
      </measure>
    <measure number="7" width="133.26">
      <note default-x="12.00" default-y="-35.00" dynamics="100.00">
        <pitch>
          <step>F</step>
          <alter>1</alter>
          <octave>4</octave>
          </pitch>
        <duration>1</duration>
        <voice>1</voice>
        <type>16th</type>
        <stem>up</stem>
        <staff>1</staff>
        <beam number="1">begin</beam>
        <beam number="2">begin</beam>
        </note>
      <note default-x="29.60" default-y="-30.00" dynamics="100.00">
        <pitch>
          <step>G</step>
          <octave>4</octave>
          </pitch>
        <duration>1</duration>
        <voice>1</voice>
        <type>16th</type>
        <stem>up</stem>
        <staff>1</staff>
        <beam number="1">continue</beam>
        <beam number="2">end</beam>
        </note>
      <note default-x="47.19" default-y="-25.00" dynamics="100.00">
        <pitch>
          <step>A</step>
          <octave>4</octave>
          </pitch>
        <duration>2</duration>
        <voice>1</voice>
        <type>eighth</type>
        <stem>up</stem>
        <staff>1</staff>
        <beam number="1">end</beam>
        </note>
      <note default-x="75.35" default-y="-30.00" dynamics="100.00">
        <pitch>
          <step>G</step>
          <octave>4</octave>
          </pitch>
        <duration>2</duration>
        <voice>1</voice>
        <type>eighth</type>
        <stem>up</stem>
        <staff>1</staff>
        <beam number="1">begin</beam>
        </note>
      <note default-x="103.50" default-y="-35.00" dynamics="100.00">
        <pitch>
          <step>F</step>
          <alter>1</alter>
          <octave>4</octave>
          </pitch>
        <duration>2</duration>
        <voice>1</voice>
        <type>eighth</type>
        <stem>up</stem>
        <staff>1</staff>
        <beam number="1">end</beam>
        </note>
      <backup>
        <duration>8</duration>
        </backup>
      <note default-x="12.00" default-y="-115.00" dynamics="100.00">
        <pitch>
          <step>F</step>
          <alter>1</alter>
          <octave>3</octave>
          </pitch>
        <duration>1</duration>
        <voice>5</voice>
        <type>16th</type>
        <stem>down</stem>
        <staff>2</staff>
        <beam number="1">begin</beam>
        <beam number="2">begin</beam>
        </note>
      <note default-x="29.60" default-y="-110.00" dynamics="100.00">
        <pitch>
          <step>G</step>
          <octave>3</octave>
          </pitch>
        <duration>1</duration>
        <voice>5</voice>
        <type>16th</type>
        <stem>down</stem>
        <staff>2</staff>
        <beam number="1">continue</beam>
        <beam number="2">end</beam>
        </note>
      <note default-x="47.19" default-y="-105.00" dynamics="100.00">
        <pitch>
          <step>A</step>
          <octave>3</octave>
          </pitch>
        <duration>2</duration>
        <voice>5</voice>
        <type>eighth</type>
        <stem>down</stem>
        <staff>2</staff>
        <beam number="1">end</beam>
        </note>
      <note default-x="75.35" default-y="-110.00" dynamics="100.00">
        <pitch>
          <step>G</step>
          <octave>3</octave>
          </pitch>
        <duration>2</duration>
        <voice>5</voice>
        <type>eighth</type>
        <stem>down</stem>
        <staff>2</staff>
        <beam number="1">begin</beam>
        </note>
      <note default-x="103.50" default-y="-115.00" dynamics="100.00">
        <pitch>
          <step>F</step>
          <alter>1</alter>
          <octave>3</octave>
          </pitch>
        <duration>2</duration>
        <voice>5</voice>
        <type>eighth</type>
        <stem>down</stem>
        <staff>2</staff>
        <beam number="1">end</beam>
        </note>
      </measure>
    <measure number="8" width="164.68">
      <print new-system="yes">
        <system-layout>
          <system-margins>
            <left-margin>21.00</left-margin>
            <right-margin>0.00</right-margin>
            </system-margins>
          <system-distance>150.00</system-distance>
          </system-layout>
        <staff-layout number="2">
          <staff-distance>65.00</staff-distance>
          </staff-layout>
        </print>
      <note default-x="77.27" default-y="-40.00" dynamics="100.00">
        <pitch>
          <step>E</step>
          <octave>4</octave>
          </pitch>
        <duration>2</duration>
        <voice>1</voice>
        <type>eighth</type>
        <stem>up</stem>
        <staff>1</staff>
        <beam number="1">begin</beam>
        </note>
      <note default-x="101.11" default-y="-25.00" dynamics="100.00">
        <pitch>
          <step>A</step>
          <octave>4</octave>
          </pitch>
        <duration>2</duration>
        <voice>1</voice>
        <type>eighth</type>
        <stem>up</stem>
        <staff>1</staff>
        <beam number="1">end</beam>
        </note>
      <note default-x="124.94" default-y="-45.00" dynamics="100.00">
        <pitch>
          <step>D</step>
          <octave>4</octave>
          </pitch>
        <duration>4</duration>
        <voice>1</voice>
        <type>quarter</type>
        <stem>up</stem>
        <staff>1</staff>
        </note>
      <backup>
        <duration>8</duration>
        </backup>
      <note default-x="77.27" default-y="-120.00" dynamics="100.00">
        <pitch>
          <step>E</step>
          <octave>3</octave>
          </pitch>
        <duration>2</duration>
        <voice>5</voice>
        <type>eighth</type>
        <stem>down</stem>
        <staff>2</staff>
        <beam number="1">begin</beam>
        </note>
      <note default-x="101.11" default-y="-105.00" dynamics="100.00">
        <pitch>
          <step>A</step>
          <octave>3</octave>
          </pitch>
        <duration>2</duration>
        <voice>5</voice>
        <type>eighth</type>
        <stem>down</stem>
        <staff>2</staff>
        <beam number="1">end</beam>
        </note>
      <note default-x="124.94" default-y="-125.00" dynamics="100.00">
        <pitch>
          <step>D</step>
          <octave>3</octave>
          </pitch>
        <duration>4</duration>
        <voice>5</voice>
        <type>quarter</type>
        <stem>down</stem>
        <staff>2</staff>
        </note>
      </measure>
    <measure number="9" width="156.41">
      <note default-x="12.00" default-y="10.00" dynamics="100.00">
        <pitch>
          <step>A</step>
          <octave>5</octave>
          </pitch>
        <duration>4</duration>
        <voice>1</voice>
        <type>quarter</type>
        <stem>down</stem>
        <staff>1</staff>
        </note>
      <note default-x="73.75" default-y="5.00" dynamics="100.00">
        <pitch>
          <step>G</step>
          <octave>5</octave>
          </pitch>
        <duration>1</duration>
        <voice>1</voice>
        <type>16th</type>
        <stem>down</stem>
        <staff>1</staff>
        <beam number="1">begin</beam>
        <beam number="2">begin</beam>
        </note>
      <note default-x="93.05" default-y="0.00" dynamics="100.00">
        <pitch>
          <step>F</step>
          <alter>1</alter>
          <octave>5</octave>
          </pitch>
        <duration>1</duration>
        <voice>1</voice>
        <type>16th</type>
        <stem>down</stem>
        <staff>1</staff>
        <beam number="1">continue</beam>
        <beam number="2">continue</beam>
        </note>
      <note default-x="112.35" default-y="-5.00" dynamics="100.00">
        <pitch>
          <step>E</step>
          <octave>5</octave>
          </pitch>
        <duration>1</duration>
        <voice>1</voice>
        <type>16th</type>
        <stem>down</stem>
        <staff>1</staff>
        <beam number="1">continue</beam>
        <beam number="2">continue</beam>
        </note>
      <note default-x="131.65" default-y="-10.00" dynamics="100.00">
        <pitch>
          <step>D</step>
          <octave>5</octave>
          </pitch>
        <duration>1</duration>
        <voice>1</voice>
        <type>16th</type>
        <stem>down</stem>
        <staff>1</staff>
        <beam number="1">end</beam>
        <beam number="2">end</beam>
        </note>
      <backup>
        <duration>8</duration>
        </backup>
      <note default-x="12.00" default-y="-160.00" dynamics="100.00">
        <pitch>
          <step>D</step>
          <octave>2</octave>
          </pitch>
        <duration>2</duration>
        <voice>5</voice>
        <type>eighth</type>
        <stem>up</stem>
        <staff>2</staff>
        <beam number="1">begin</beam>
        </note>
      <note default-x="42.88" default-y="-125.00" dynamics="100.00">
        <pitch>
          <step>D</step>
          <octave>3</octave>
          </pitch>
        <duration>2</duration>
        <voice>5</voice>
        <type>eighth</type>
        <stem>up</stem>
        <staff>2</staff>
        <beam number="1">end</beam>
        </note>
      <note default-x="73.75" default-y="-160.00" dynamics="100.00">
        <pitch>
          <step>D</step>
          <octave>2</octave>
          </pitch>
        <duration>2</duration>
        <voice>5</voice>
        <type>eighth</type>
        <stem>up</stem>
        <staff>2</staff>
        <beam number="1">begin</beam>
        </note>
      <note default-x="112.35" default-y="-125.00" dynamics="100.00">
        <pitch>
          <step>D</step>
          <octave>3</octave>
          </pitch>
        <duration>2</duration>
        <voice>5</voice>
        <type>eighth</type>
        <stem>up</stem>
        <staff>2</staff>
        <beam number="1">end</beam>
        </note>
      </measure>
    <measure number="10" width="156.41">
      <note default-x="12.00" default-y="10.00" dynamics="100.00">
        <pitch>
          <step>A</step>
          <octave>5</octave>
          </pitch>
        <duration>4</duration>
        <voice>1</voice>
        <type>quarter</type>
        <stem>down</stem>
        <staff>1</staff>
        </note>
      <note default-x="73.75" default-y="5.00" dynamics="100.00">
        <pitch>
          <step>G</step>
          <octave>5</octave>
          </pitch>
        <duration>1</duration>
        <voice>1</voice>
        <type>16th</type>
        <stem>down</stem>
        <staff>1</staff>
        <beam number="1">begin</beam>
        <beam number="2">begin</beam>
        </note>
      <note default-x="93.05" default-y="0.00" dynamics="100.00">
        <pitch>
          <step>F</step>
          <alter>1</alter>
          <octave>5</octave>
          </pitch>
        <duration>1</duration>
        <voice>1</voice>
        <type>16th</type>
        <stem>down</stem>
        <staff>1</staff>
        <beam number="1">continue</beam>
        <beam number="2">continue</beam>
        </note>
      <note default-x="112.35" default-y="-5.00" dynamics="100.00">
        <pitch>
          <step>E</step>
          <octave>5</octave>
          </pitch>
        <duration>1</duration>
        <voice>1</voice>
        <type>16th</type>
        <stem>down</stem>
        <staff>1</staff>
        <beam number="1">continue</beam>
        <beam number="2">continue</beam>
        </note>
      <note default-x="131.65" default-y="-10.00" dynamics="100.00">
        <pitch>
          <step>D</step>
          <octave>5</octave>
          </pitch>
        <duration>1</duration>
        <voice>1</voice>
        <type>16th</type>
        <stem>down</stem>
        <staff>1</staff>
        <beam number="1">end</beam>
        <beam number="2">end</beam>
        </note>
      <backup>
        <duration>8</duration>
        </backup>
      <note default-x="12.00" default-y="-160.00" dynamics="100.00">
        <pitch>
          <step>D</step>
          <octave>2</octave>
          </pitch>
        <duration>2</duration>
        <voice>5</voice>
        <type>eighth</type>
        <stem>up</stem>
        <staff>2</staff>
        <beam number="1">begin</beam>
        </note>
      <note default-x="42.88" default-y="-125.00" dynamics="100.00">
        <pitch>
          <step>D</step>
          <octave>3</octave>
          </pitch>
        <duration>2</duration>
        <voice>5</voice>
        <type>eighth</type>
        <stem>up</stem>
        <staff>2</staff>
        <beam number="1">end</beam>
        </note>
      <note default-x="73.75" default-y="-160.00" dynamics="100.00">
        <pitch>
          <step>D</step>
          <octave>2</octave>
          </pitch>
        <duration>2</duration>
        <voice>5</voice>
        <type>eighth</type>
        <stem>up</stem>
        <staff>2</staff>
        <beam number="1">begin</beam>
        </note>
      <note default-x="112.35" default-y="-125.00" dynamics="100.00">
        <pitch>
          <step>D</step>
          <octave>3</octave>
          </pitch>
        <duration>2</duration>
        <voice>5</voice>
        <type>eighth</type>
        <stem>up</stem>
        <staff>2</staff>
        <beam number="1">end</beam>
        </note>
      </measure>
    <measure number="11" width="140.75">
      <note default-x="12.00" default-y="-35.00" dynamics="100.00">
        <pitch>
          <step>F</step>
          <alter>1</alter>
          <octave>4</octave>
          </pitch>
        <duration>1</duration>
        <voice>1</voice>
        <type>16th</type>
        <stem>up</stem>
        <staff>1</staff>
        <beam number="1">begin</beam>
        <beam number="2">begin</beam>
        </note>
      <note default-x="30.70" default-y="-30.00" dynamics="100.00">
        <pitch>
          <step>G</step>
          <octave>4</octave>
          </pitch>
        <duration>1</duration>
        <voice>1</voice>
        <type>16th</type>
        <stem>up</stem>
        <staff>1</staff>
        <beam number="1">continue</beam>
        <beam number="2">end</beam>
        </note>
      <note default-x="49.40" default-y="-25.00" dynamics="100.00">
        <pitch>
          <step>A</step>
          <octave>4</octave>
          </pitch>
        <duration>2</duration>
        <voice>1</voice>
        <type>eighth</type>
        <stem>up</stem>
        <staff>1</staff>
        <beam number="1">end</beam>
        </note>
      <note default-x="79.31" default-y="-30.00" dynamics="100.00">
        <pitch>
          <step>G</step>
          <octave>4</octave>
          </pitch>
        <duration>2</duration>
        <voice>1</voice>
        <type>eighth</type>
        <stem>up</stem>
        <staff>1</staff>
        <beam number="1">begin</beam>
        </note>
      <note default-x="109.23" default-y="-35.00" dynamics="100.00">
        <pitch>
          <step>F</step>
          <alter>1</alter>
          <octave>4</octave>
          </pitch>
        <duration>2</duration>
        <voice>1</voice>
        <type>eighth</type>
        <stem>up</stem>
        <staff>1</staff>
        <beam number="1">end</beam>
        </note>
      <backup>
        <duration>8</duration>
        </backup>
      <note default-x="12.00" default-y="-115.00" dynamics="100.00">
        <pitch>
          <step>F</step>
          <alter>1</alter>
          <octave>3</octave>
          </pitch>
        <duration>1</duration>
        <voice>5</voice>
        <type>16th</type>
        <stem>down</stem>
        <staff>2</staff>
        <beam number="1">begin</beam>
        <beam number="2">begin</beam>
        </note>
      <note default-x="30.70" default-y="-110.00" dynamics="100.00">
        <pitch>
          <step>G</step>
          <octave>3</octave>
          </pitch>
        <duration>1</duration>
        <voice>5</voice>
        <type>16th</type>
        <stem>down</stem>
        <staff>2</staff>
        <beam number="1">continue</beam>
        <beam number="2">end</beam>
        </note>
      <note default-x="49.40" default-y="-105.00" dynamics="100.00">
        <pitch>
          <step>A</step>
          <octave>3</octave>
          </pitch>
        <duration>2</duration>
        <voice>5</voice>
        <type>eighth</type>
        <stem>down</stem>
        <staff>2</staff>
        <beam number="1">end</beam>
        </note>
      <note default-x="79.31" default-y="-110.00" dynamics="100.00">
        <pitch>
          <step>G</step>
          <octave>3</octave>
          </pitch>
        <duration>2</duration>
        <voice>5</voice>
        <type>eighth</type>
        <stem>down</stem>
        <staff>2</staff>
        <beam number="1">begin</beam>
        </note>
      <note default-x="109.23" default-y="-115.00" dynamics="100.00">
        <pitch>
          <step>F</step>
          <alter>1</alter>
          <octave>3</octave>
          </pitch>
        <duration>2</duration>
        <voice>5</voice>
        <type>eighth</type>
        <stem>down</stem>
        <staff>2</staff>
        <beam number="1">end</beam>
        </note>
      </measure>
    <measure number="12" width="125.08">
      <note default-x="12.00" default-y="-40.00" dynamics="100.00">
        <pitch>
          <step>E</step>
          <octave>4</octave>
          </pitch>
        <duration>2</duration>
        <voice>1</voice>
        <type>eighth</type>
        <stem>up</stem>
        <staff>1</staff>
        <beam number="1">begin</beam>
        </note>
      <note default-x="39.87" default-y="-25.00" dynamics="100.00">
        <pitch>
          <step>A</step>
          <octave>4</octave>
          </pitch>
        <duration>2</duration>
        <voice>1</voice>
        <type>eighth</type>
        <stem>up</stem>
        <staff>1</staff>
        <beam number="1">end</beam>
        </note>
      <note default-x="67.74" default-y="-35.00" dynamics="100.00">
        <pitch>
          <step>F</step>
          <alter>1</alter>
          <octave>4</octave>
          </pitch>
        <duration>2</duration>
        <voice>1</voice>
        <type>eighth</type>
        <stem>up</stem>
        <staff>1</staff>
        <beam number="1">begin</beam>
        </note>
      <note default-x="95.61" default-y="-45.00" dynamics="100.00">
        <pitch>
          <step>D</step>
          <octave>4</octave>
          </pitch>
        <duration>2</duration>
        <voice>1</voice>
        <type>eighth</type>
        <stem>up</stem>
        <staff>1</staff>
        <beam number="1">end</beam>
        </note>
      <backup>
        <duration>8</duration>
        </backup>
      <note default-x="12.00" default-y="-120.00" dynamics="100.00">
        <pitch>
          <step>E</step>
          <octave>3</octave>
          </pitch>
        <duration>2</duration>
        <voice>5</voice>
        <type>eighth</type>
        <stem>down</stem>
        <staff>2</staff>
        <beam number="1">begin</beam>
        </note>
      <note default-x="39.87" default-y="-105.00" dynamics="100.00">
        <pitch>
          <step>A</step>
          <octave>3</octave>
          </pitch>
        <duration>2</duration>
        <voice>5</voice>
        <type>eighth</type>
        <stem>down</stem>
        <staff>2</staff>
        <beam number="1">end</beam>
        </note>
      <note default-x="67.74" default-y="-115.00" dynamics="100.00">
        <pitch>
          <step>F</step>
          <alter>1</alter>
          <octave>3</octave>
          </pitch>
        <duration>2</duration>
        <voice>5</voice>
        <type>eighth</type>
        <stem>down</stem>
        <staff>2</staff>
        <beam number="1">begin</beam>
        </note>
      <note default-x="95.61" default-y="-125.00" dynamics="100.00">
        <pitch>
          <step>D</step>
          <octave>3</octave>
          </pitch>
        <duration>2</duration>
        <voice>5</voice>
        <type>eighth</type>
        <stem>down</stem>
        <staff>2</staff>
        <beam number="1">end</beam>
        </note>
      </measure>
    <measure number="13" width="156.41">
      <note default-x="12.00" default-y="10.00" dynamics="100.00">
        <pitch>
          <step>A</step>
          <octave>5</octave>
          </pitch>
        <duration>4</duration>
        <voice>1</voice>
        <type>quarter</type>
        <stem>down</stem>
        <staff>1</staff>
        </note>
      <note default-x="73.75" default-y="5.00" dynamics="100.00">
        <pitch>
          <step>G</step>
          <octave>5</octave>
          </pitch>
        <duration>1</duration>
        <voice>1</voice>
        <type>16th</type>
        <stem>down</stem>
        <staff>1</staff>
        <beam number="1">begin</beam>
        <beam number="2">begin</beam>
        </note>
      <note default-x="93.05" default-y="0.00" dynamics="100.00">
        <pitch>
          <step>F</step>
          <alter>1</alter>
          <octave>5</octave>
          </pitch>
        <duration>1</duration>
        <voice>1</voice>
        <type>16th</type>
        <stem>down</stem>
        <staff>1</staff>
        <beam number="1">continue</beam>
        <beam number="2">continue</beam>
        </note>
      <note default-x="112.35" default-y="-5.00" dynamics="100.00">
        <pitch>
          <step>E</step>
          <octave>5</octave>
          </pitch>
        <duration>1</duration>
        <voice>1</voice>
        <type>16th</type>
        <stem>down</stem>
        <staff>1</staff>
        <beam number="1">continue</beam>
        <beam number="2">continue</beam>
        </note>
      <note default-x="131.65" default-y="-10.00" dynamics="100.00">
        <pitch>
          <step>D</step>
          <octave>5</octave>
          </pitch>
        <duration>1</duration>
        <voice>1</voice>
        <type>16th</type>
        <stem>down</stem>
        <staff>1</staff>
        <beam number="1">end</beam>
        <beam number="2">end</beam>
        </note>
      <backup>
        <duration>8</duration>
        </backup>
      <note default-x="12.00" default-y="-160.00" dynamics="100.00">
        <pitch>
          <step>D</step>
          <octave>2</octave>
          </pitch>
        <duration>2</duration>
        <voice>5</voice>
        <type>eighth</type>
        <stem>up</stem>
        <staff>2</staff>
        <beam number="1">begin</beam>
        </note>
      <note default-x="42.88" default-y="-125.00" dynamics="100.00">
        <pitch>
          <step>D</step>
          <octave>3</octave>
          </pitch>
        <duration>2</duration>
        <voice>5</voice>
        <type>eighth</type>
        <stem>up</stem>
        <staff>2</staff>
        <beam number="1">end</beam>
        </note>
      <note default-x="73.75" default-y="-160.00" dynamics="100.00">
        <pitch>
          <step>D</step>
          <octave>2</octave>
          </pitch>
        <duration>2</duration>
        <voice>5</voice>
        <type>eighth</type>
        <stem>up</stem>
        <staff>2</staff>
        <beam number="1">begin</beam>
        </note>
      <note default-x="112.35" default-y="-125.00" dynamics="100.00">
        <pitch>
          <step>D</step>
          <octave>3</octave>
          </pitch>
        <duration>2</duration>
        <voice>5</voice>
        <type>eighth</type>
        <stem>up</stem>
        <staff>2</staff>
        <beam number="1">end</beam>
        </note>
      </measure>
    <measure number="14" width="156.41">
      <note default-x="12.00" default-y="10.00" dynamics="100.00">
        <pitch>
          <step>A</step>
          <octave>5</octave>
          </pitch>
        <duration>4</duration>
        <voice>1</voice>
        <type>quarter</type>
        <stem>down</stem>
        <staff>1</staff>
        </note>
      <note default-x="73.75" default-y="5.00" dynamics="100.00">
        <pitch>
          <step>G</step>
          <octave>5</octave>
          </pitch>
        <duration>1</duration>
        <voice>1</voice>
        <type>16th</type>
        <stem>down</stem>
        <staff>1</staff>
        <beam number="1">begin</beam>
        <beam number="2">begin</beam>
        </note>
      <note default-x="93.05" default-y="0.00" dynamics="100.00">
        <pitch>
          <step>F</step>
          <alter>1</alter>
          <octave>5</octave>
          </pitch>
        <duration>1</duration>
        <voice>1</voice>
        <type>16th</type>
        <stem>down</stem>
        <staff>1</staff>
        <beam number="1">continue</beam>
        <beam number="2">continue</beam>
        </note>
      <note default-x="112.35" default-y="-5.00" dynamics="100.00">
        <pitch>
          <step>E</step>
          <octave>5</octave>
          </pitch>
        <duration>1</duration>
        <voice>1</voice>
        <type>16th</type>
        <stem>down</stem>
        <staff>1</staff>
        <beam number="1">continue</beam>
        <beam number="2">continue</beam>
        </note>
      <note default-x="131.65" default-y="-10.00" dynamics="100.00">
        <pitch>
          <step>D</step>
          <octave>5</octave>
          </pitch>
        <duration>1</duration>
        <voice>1</voice>
        <type>16th</type>
        <stem>down</stem>
        <staff>1</staff>
        <beam number="1">end</beam>
        <beam number="2">end</beam>
        </note>
      <backup>
        <duration>8</duration>
        </backup>
      <note default-x="12.00" default-y="-160.00" dynamics="100.00">
        <pitch>
          <step>D</step>
          <octave>2</octave>
          </pitch>
        <duration>2</duration>
        <voice>5</voice>
        <type>eighth</type>
        <stem>up</stem>
        <staff>2</staff>
        <beam number="1">begin</beam>
        </note>
      <note default-x="42.88" default-y="-125.00" dynamics="100.00">
        <pitch>
          <step>D</step>
          <octave>3</octave>
          </pitch>
        <duration>2</duration>
        <voice>5</voice>
        <type>eighth</type>
        <stem>up</stem>
        <staff>2</staff>
        <beam number="1">end</beam>
        </note>
      <note default-x="73.75" default-y="-160.00" dynamics="100.00">
        <pitch>
          <step>D</step>
          <octave>2</octave>
          </pitch>
        <duration>2</duration>
        <voice>5</voice>
        <type>eighth</type>
        <stem>up</stem>
        <staff>2</staff>
        <beam number="1">begin</beam>
        </note>
      <note default-x="112.35" default-y="-125.00" dynamics="100.00">
        <pitch>
          <step>D</step>
          <octave>3</octave>
          </pitch>
        <duration>2</duration>
        <voice>5</voice>
        <type>eighth</type>
        <stem>up</stem>
        <staff>2</staff>
        <beam number="1">end</beam>
        </note>
      </measure>
    <measure number="15" width="201.14">
      <print new-system="yes">
        <system-layout>
          <system-margins>
            <left-margin>21.00</left-margin>
            <right-margin>0.00</right-margin>
            </system-margins>
          <system-distance>150.00</system-distance>
          </system-layout>
        <staff-layout number="2">
          <staff-distance>65.00</staff-distance>
          </staff-layout>
        </print>
      <note default-x="77.27" default-y="-35.00" dynamics="100.00">
        <pitch>
          <step>F</step>
          <alter>1</alter>
          <octave>4</octave>
          </pitch>
        <duration>1</duration>
        <voice>1</voice>
        <type>16th</type>
        <stem>up</stem>
        <staff>1</staff>
        <beam number="1">begin</beam>
        <beam number="2">begin</beam>
        </note>
      <note default-x="95.25" default-y="-30.00" dynamics="100.00">
        <pitch>
          <step>G</step>
          <octave>4</octave>
          </pitch>
        <duration>1</duration>
        <voice>1</voice>
        <type>16th</type>
        <stem>up</stem>
        <staff>1</staff>
        <beam number="1">continue</beam>
        <beam number="2">end</beam>
        </note>
      <note default-x="113.23" default-y="-25.00" dynamics="100.00">
        <pitch>
          <step>A</step>
          <octave>4</octave>
          </pitch>
        <duration>2</duration>
        <voice>1</voice>
        <type>eighth</type>
        <stem>up</stem>
        <staff>1</staff>
        <beam number="1">end</beam>
        </note>
      <note default-x="142.00" default-y="-30.00" dynamics="100.00">
        <pitch>
          <step>G</step>
          <octave>4</octave>
          </pitch>
        <duration>2</duration>
        <voice>1</voice>
        <type>eighth</type>
        <stem>up</stem>
        <staff>1</staff>
        <beam number="1">begin</beam>
        </note>
      <note default-x="170.77" default-y="-35.00" dynamics="100.00">
        <pitch>
          <step>F</step>
          <alter>1</alter>
          <octave>4</octave>
          </pitch>
        <duration>2</duration>
        <voice>1</voice>
        <type>eighth</type>
        <stem>up</stem>
        <staff>1</staff>
        <beam number="1">end</beam>
        </note>
      <backup>
        <duration>8</duration>
        </backup>
      <note default-x="77.27" default-y="-115.00" dynamics="100.00">
        <pitch>
          <step>F</step>
          <alter>1</alter>
          <octave>3</octave>
          </pitch>
        <duration>1</duration>
        <voice>5</voice>
        <type>16th</type>
        <stem>down</stem>
        <staff>2</staff>
        <beam number="1">begin</beam>
        <beam number="2">begin</beam>
        </note>
      <note default-x="95.25" default-y="-110.00" dynamics="100.00">
        <pitch>
          <step>G</step>
          <octave>3</octave>
          </pitch>
        <duration>1</duration>
        <voice>5</voice>
        <type>16th</type>
        <stem>down</stem>
        <staff>2</staff>
        <beam number="1">continue</beam>
        <beam number="2">end</beam>
        </note>
      <note default-x="113.23" default-y="-105.00" dynamics="100.00">
        <pitch>
          <step>A</step>
          <octave>3</octave>
          </pitch>
        <duration>2</duration>
        <voice>5</voice>
        <type>eighth</type>
        <stem>down</stem>
        <staff>2</staff>
        <beam number="1">end</beam>
        </note>
      <note default-x="142.00" default-y="-110.00" dynamics="100.00">
        <pitch>
          <step>G</step>
          <octave>3</octave>
          </pitch>
        <duration>2</duration>
        <voice>5</voice>
        <type>eighth</type>
        <stem>down</stem>
        <staff>2</staff>
        <beam number="1">begin</beam>
        </note>
      <note default-x="170.77" default-y="-115.00" dynamics="100.00">
        <pitch>
          <step>F</step>
          <alter>1</alter>
          <octave>3</octave>
          </pitch>
        <duration>2</duration>
        <voice>5</voice>
        <type>eighth</type>
        <stem>down</stem>
        <staff>2</staff>
        <beam number="1">end</beam>
        </note>
      </measure>
    <measure number="16" width="114.54">
      <note default-x="12.00" default-y="-40.00" dynamics="100.00">
        <pitch>
          <step>E</step>
          <octave>4</octave>
          </pitch>
        <duration>2</duration>
        <voice>1</voice>
        <type>eighth</type>
        <stem>up</stem>
        <staff>1</staff>
        <beam number="1">begin</beam>
        </note>
      <note default-x="40.04" default-y="-25.00" dynamics="100.00">
        <pitch>
          <step>A</step>
          <octave>4</octave>
          </pitch>
        <duration>2</duration>
        <voice>1</voice>
        <type>eighth</type>
        <stem>up</stem>
        <staff>1</staff>
        <beam number="1">end</beam>
        </note>
      <note default-x="68.08" default-y="-45.00" dynamics="100.00">
        <pitch>
          <step>D</step>
          <octave>4</octave>
          </pitch>
        <duration>4</duration>
        <voice>1</voice>
        <type>quarter</type>
        <stem>up</stem>
        <staff>1</staff>
        </note>
      <backup>
        <duration>8</duration>
        </backup>
      <note default-x="12.00" default-y="-120.00" dynamics="100.00">
        <pitch>
          <step>E</step>
          <octave>3</octave>
          </pitch>
        <duration>2</duration>
        <voice>5</voice>
        <type>eighth</type>
        <stem>down</stem>
        <staff>2</staff>
        <beam number="1">begin</beam>
        </note>
      <note default-x="40.04" default-y="-105.00" dynamics="100.00">
        <pitch>
          <step>A</step>
          <octave>3</octave>
          </pitch>
        <duration>2</duration>
        <voice>5</voice>
        <type>eighth</type>
        <stem>down</stem>
        <staff>2</staff>
        <beam number="1">end</beam>
        </note>
      <note default-x="68.08" default-y="-125.00" dynamics="100.00">
        <pitch>
          <step>D</step>
          <octave>3</octave>
          </pitch>
        <duration>4</duration>
        <voice>5</voice>
        <type>quarter</type>
        <stem>down</stem>
        <staff>2</staff>
        </note>
      </measure>
    <measure number="17" width="161.54">
      <note default-x="12.00" default-y="-15.00" dynamics="100.00">
        <pitch>
          <step>C</step>
          <alter>1</alter>
          <octave>5</octave>
          </pitch>
        <duration>1</duration>
        <voice>1</voice>
        <type>16th</type>
        <stem>down</stem>
        <staff>1</staff>
        <beam number="1">begin</beam>
        <beam number="2">begin</beam>
        </note>
      <note default-x="32.55" default-y="-10.00" dynamics="100.00">
        <pitch>
          <step>D</step>
          <octave>5</octave>
          </pitch>
        <duration>1</duration>
        <voice>1</voice>
        <type>16th</type>
        <stem>down</stem>
        <staff>1</staff>
        <beam number="1">continue</beam>
        <beam number="2">end</beam>
        </note>
      <note default-x="53.09" default-y="-5.00" dynamics="100.00">
        <pitch>
          <step>E</step>
          <octave>5</octave>
          </pitch>
        <duration>2</duration>
        <voice>1</voice>
        <type>eighth</type>
        <stem>down</stem>
        <staff>1</staff>
        <beam number="1">end</beam>
        </note>
      <note default-x="85.97" default-y="-15.00" dynamics="100.00">
        <pitch>
          <step>C</step>
          <alter>1</alter>
          <octave>5</octave>
          </pitch>
        <duration>1</duration>
        <voice>1</voice>
        <type>16th</type>
        <stem>down</stem>
        <staff>1</staff>
        <beam number="1">begin</beam>
        <beam number="2">begin</beam>
        </note>
      <note default-x="106.52" default-y="-10.00" dynamics="100.00">
        <pitch>
          <step>D</step>
          <octave>5</octave>
          </pitch>
        <duration>1</duration>
        <voice>1</voice>
        <type>16th</type>
        <stem>down</stem>
        <staff>1</staff>
        <beam number="1">continue</beam>
        <beam number="2">end</beam>
        </note>
      <note default-x="127.06" default-y="-5.00" dynamics="100.00">
        <pitch>
          <step>E</step>
          <octave>5</octave>
          </pitch>
        <duration>2</duration>
        <voice>1</voice>
        <type>eighth</type>
        <stem>down</stem>
        <staff>1</staff>
        <beam number="1">end</beam>
        </note>
      <backup>
        <duration>8</duration>
        </backup>
      <note default-x="12.00" default-y="-140.00" dynamics="100.00">
        <pitch>
          <step>A</step>
          <octave>2</octave>
          </pitch>
        <duration>2</duration>
        <voice>5</voice>
        <type>eighth</type>
        <stem>down</stem>
        <staff>2</staff>
        <beam number="1">begin</beam>
        </note>
      <note default-x="53.09" default-y="-105.00" dynamics="100.00">
        <pitch>
          <step>A</step>
          <octave>3</octave>
          </pitch>
        <duration>2</duration>
        <voice>5</voice>
        <type>eighth</type>
        <stem>down</stem>
        <staff>2</staff>
        <beam number="1">end</beam>
        </note>
      <note default-x="85.97" default-y="-140.00" dynamics="100.00">
        <pitch>
          <step>A</step>
          <octave>2</octave>
          </pitch>
        <duration>2</duration>
        <voice>5</voice>
        <type>eighth</type>
        <stem>down</stem>
        <staff>2</staff>
        <beam number="1">begin</beam>
        </note>
      <note default-x="127.06" default-y="-105.00" dynamics="100.00">
        <pitch>
          <step>A</step>
          <octave>3</octave>
          </pitch>
        <duration>2</duration>
        <voice>5</voice>
        <type>eighth</type>
        <stem>down</stem>
        <staff>2</staff>
        <beam number="1">end</beam>
        </note>
      </measure>
    <measure number="18" width="130.21">
      <note default-x="12.00" default-y="10.00" dynamics="100.00">
        <pitch>
          <step>A</step>
          <octave>5</octave>
          </pitch>
        <duration>2</duration>
        <voice>1</voice>
        <type>eighth</type>
        <stem>down</stem>
        <staff>1</staff>
        <beam number="1">begin</beam>
        </note>
      <note default-x="41.15" default-y="-5.00" dynamics="100.00">
        <pitch>
          <step>E</step>
          <octave>5</octave>
          </pitch>
        <duration>2</duration>
        <voice>1</voice>
        <type>eighth</type>
        <stem>down</stem>
        <staff>1</staff>
        <beam number="1">end</beam>
        </note>
      <note default-x="70.30" default-y="-5.00" dynamics="100.00">
        <pitch>
          <step>E</step>
          <octave>5</octave>
          </pitch>
        <duration>4</duration>
        <voice>1</voice>
        <type>quarter</type>
        <stem>down</stem>
        <staff>1</staff>
        </note>
      <backup>
        <duration>8</duration>
        </backup>
      <note default-x="12.00" default-y="-140.00" dynamics="100.00">
        <pitch>
          <step>A</step>
          <octave>2</octave>
          </pitch>
        <duration>2</duration>
        <voice>5</voice>
        <type>eighth</type>
        <stem>down</stem>
        <staff>2</staff>
        <beam number="1">begin</beam>
        </note>
      <note default-x="41.15" default-y="-105.00" dynamics="100.00">
        <pitch>
          <step>A</step>
          <octave>3</octave>
          </pitch>
        <duration>2</duration>
        <voice>5</voice>
        <type>eighth</type>
        <stem>down</stem>
        <staff>2</staff>
        <beam number="1">end</beam>
        </note>
      <note default-x="70.30" default-y="-140.00" dynamics="100.00">
        <pitch>
          <step>A</step>
          <octave>2</octave>
          </pitch>
        <duration>2</duration>
        <voice>5</voice>
        <type>eighth</type>
        <stem>down</stem>
        <staff>2</staff>
        <beam number="1">begin</beam>
        </note>
      <note default-x="99.46" default-y="-105.00" dynamics="100.00">
        <pitch>
          <step>A</step>
          <octave>3</octave>
          </pitch>
        <duration>2</duration>
        <voice>5</voice>
        <type>eighth</type>
        <stem>down</stem>
        <staff>2</staff>
        <beam number="1">end</beam>
        </note>
      </measure>
    <measure number="19" width="130.21">
      <note default-x="12.00" default-y="10.00" dynamics="100.00">
        <pitch>
          <step>A</step>
          <octave>5</octave>
          </pitch>
        <duration>2</duration>
        <voice>1</voice>
        <type>eighth</type>
        <stem>down</stem>
        <staff>1</staff>
        <beam number="1">begin</beam>
        </note>
      <note default-x="41.15" default-y="-5.00" dynamics="100.00">
        <pitch>
          <step>E</step>
          <octave>5</octave>
          </pitch>
        <duration>2</duration>
        <voice>1</voice>
        <type>eighth</type>
        <stem>down</stem>
        <staff>1</staff>
        <beam number="1">end</beam>
        </note>
      <note default-x="70.30" default-y="10.00" dynamics="100.00">
        <pitch>
          <step>A</step>
          <octave>5</octave>
          </pitch>
        <duration>2</duration>
        <voice>1</voice>
        <type>eighth</type>
        <stem>down</stem>
        <staff>1</staff>
        <beam number="1">begin</beam>
        </note>
      <note default-x="99.46" default-y="-5.00" dynamics="100.00">
        <pitch>
          <step>E</step>
          <octave>5</octave>
          </pitch>
        <duration>2</duration>
        <voice>1</voice>
        <type>eighth</type>
        <stem>down</stem>
        <staff>1</staff>
        <beam number="1">end</beam>
        </note>
      <backup>
        <duration>8</duration>
        </backup>
      <note default-x="12.00" default-y="-140.00" dynamics="100.00">
        <pitch>
          <step>A</step>
          <octave>2</octave>
          </pitch>
        <duration>2</duration>
        <voice>5</voice>
        <type>eighth</type>
        <stem>down</stem>
        <staff>2</staff>
        <beam number="1">begin</beam>
        </note>
      <note default-x="41.15" default-y="-105.00" dynamics="100.00">
        <pitch>
          <step>A</step>
          <octave>3</octave>
          </pitch>
        <duration>2</duration>
        <voice>5</voice>
        <type>eighth</type>
        <stem>down</stem>
        <staff>2</staff>
        <beam number="1">end</beam>
        </note>
      <note default-x="70.30" default-y="-140.00" dynamics="100.00">
        <pitch>
          <step>A</step>
          <octave>2</octave>
          </pitch>
        <duration>2</duration>
        <voice>5</voice>
        <type>eighth</type>
        <stem>down</stem>
        <staff>2</staff>
        <beam number="1">begin</beam>
        </note>
      <note default-x="99.46" default-y="-105.00" dynamics="100.00">
        <pitch>
          <step>A</step>
          <octave>3</octave>
          </pitch>
        <duration>2</duration>
        <voice>5</voice>
        <type>eighth</type>
        <stem>down</stem>
        <staff>2</staff>
        <beam number="1">end</beam>
        </note>
      </measure>
    <measure number="20" width="161.54">
      <note default-x="12.00" default-y="-10.00" dynamics="100.00">
        <pitch>
          <step>D</step>
          <octave>5</octave>
          </pitch>
        <duration>1</duration>
        <voice>1</voice>
        <type>16th</type>
        <stem>down</stem>
        <staff>1</staff>
        <beam number="1">begin</beam>
        <beam number="2">begin</beam>
        </note>
      <note default-x="32.55" default-y="-15.00" dynamics="100.00">
        <pitch>
          <step>C</step>
          <alter>1</alter>
          <octave>5</octave>
          </pitch>
        <duration>1</duration>
        <voice>1</voice>
        <type>16th</type>
        <stem>down</stem>
        <staff>1</staff>
        <beam number="1">continue</beam>
        <beam number="2">continue</beam>
        </note>
      <note default-x="53.09" default-y="-20.00" dynamics="100.00">
        <pitch>
          <step>B</step>
          <octave>4</octave>
          </pitch>
        <duration>1</duration>
        <voice>1</voice>
        <type>16th</type>
        <stem>down</stem>
        <staff>1</staff>
        <beam number="1">continue</beam>
        <beam number="2">continue</beam>
        </note>
      <note default-x="73.64" default-y="-25.00" dynamics="100.00">
        <pitch>
          <step>A</step>
          <octave>4</octave>
          </pitch>
        <duration>1</duration>
        <voice>1</voice>
        <type>16th</type>
        <stem>down</stem>
        <staff>1</staff>
        <beam number="1">end</beam>
        <beam number="2">end</beam>
        </note>
      <note default-x="94.19" default-y="-20.00" dynamics="100.00">
        <pitch>
          <step>B</step>
          <octave>4</octave>
          </pitch>
        <duration>2</duration>
        <voice>1</voice>
        <type>eighth</type>
        <stem>up</stem>
        <staff>1</staff>
        <beam number="1">begin</beam>
        </note>
      <note default-x="127.06" default-y="-40.00" dynamics="100.00">
        <pitch>
          <step>E</step>
          <octave>4</octave>
          </pitch>
        <duration>2</duration>
        <voice>1</voice>
        <type>eighth</type>
        <stem>up</stem>
        <staff>1</staff>
        <beam number="1">end</beam>
        </note>
      <backup>
        <duration>8</duration>
        </backup>
      <note default-x="12.00" default-y="-140.00" dynamics="100.00">
        <pitch>
          <step>A</step>
          <octave>2</octave>
          </pitch>
        <duration>2</duration>
        <voice>5</voice>
        <type>eighth</type>
        <stem>down</stem>
        <staff>2</staff>
        <beam number="1">begin</beam>
        </note>
      <note default-x="53.09" default-y="-105.00" dynamics="100.00">
        <pitch>
          <step>A</step>
          <octave>3</octave>
          </pitch>
        <duration>2</duration>
        <voice>5</voice>
        <type>eighth</type>
        <stem>down</stem>
        <staff>2</staff>
        <beam number="1">end</beam>
        </note>
      <note default-x="94.19" default-y="-155.00" dynamics="100.00">
        <pitch>
          <step>E</step>
          <octave>2</octave>
          </pitch>
        <duration>2</duration>
        <voice>5</voice>
        <type>eighth</type>
        <stem>up</stem>
        <staff>2</staff>
        <beam number="1">begin</beam>
        </note>
      <note default-x="127.06" default-y="-120.00" dynamics="100.00">
        <pitch>
          <step>E</step>
          <octave>3</octave>
          </pitch>
        <duration>2</duration>
        <voice>5</voice>
        <type>eighth</type>
        <stem>up</stem>
        <staff>2</staff>
        <beam number="1">end</beam>
        </note>
      </measure>
    <measure number="21" width="156.98">
      <note default-x="12.00" default-y="-5.00" dynamics="100.00">
        <pitch>
          <step>E</step>
          <octave>5</octave>
          </pitch>
        <duration>2</duration>
        <voice>1</voice>
        <type>eighth</type>
        <stem>down</stem>
        <staff>1</staff>
        <beam number="1">begin</beam>
        </note>
      <note default-x="47.85" default-y="-10.00" dynamics="100.00">
        <pitch>
          <step>D</step>
          <alter>1</alter>
          <octave>5</octave>
          </pitch>
        <duration>2</duration>
        <voice>1</voice>
        <type>eighth</type>
        <accidental>sharp</accidental>
        <stem>down</stem>
        <staff>1</staff>
        <beam number="1">end</beam>
        </note>
      <note default-x="83.69" default-y="-40.00" dynamics="100.00">
        <pitch>
          <step>E</step>
          <octave>4</octave>
          </pitch>
        <duration>2</duration>
        <voice>1</voice>
        <type>eighth</type>
        <stem>up</stem>
        <staff>1</staff>
        <beam number="1">begin</beam>
        </note>
      <note default-x="119.54" default-y="-10.00" dynamics="100.00">
        <pitch>
          <step>D</step>
          <octave>5</octave>
          </pitch>
        <duration>2</duration>
        <tie type="start"/>
        <voice>1</voice>
        <type>eighth</type>
        <accidental>natural</accidental>
        <stem>up</stem>
        <staff>1</staff>
        <beam number="1">end</beam>
        <notations>
          <tied type="start"/>
          </notations>
        </note>
      <backup>
        <duration>8</duration>
        </backup>
      <note default-x="12.00" default-y="-155.00" dynamics="100.00">
        <pitch>
          <step>E</step>
          <octave>2</octave>
          </pitch>
        <duration>2</duration>
        <voice>5</voice>
        <type>eighth</type>
        <stem>up</stem>
        <staff>2</staff>
        <beam number="1">begin</beam>
        </note>
      <note default-x="47.85" default-y="-120.00" dynamics="100.00">
        <pitch>
          <step>E</step>
          <octave>3</octave>
          </pitch>
        <duration>2</duration>
        <voice>5</voice>
        <type>eighth</type>
        <stem>up</stem>
        <staff>2</staff>
        <beam number="1">end</beam>
        </note>
      <note default-x="83.69" default-y="-155.00" dynamics="100.00">
        <pitch>
          <step>E</step>
          <octave>2</octave>
          </pitch>
        <duration>2</duration>
        <voice>5</voice>
        <type>eighth</type>
        <stem>up</stem>
        <staff>2</staff>
        <beam number="1">begin</beam>
        </note>
      <note default-x="119.54" default-y="-120.00" dynamics="100.00">
        <pitch>
          <step>E</step>
          <octave>3</octave>
          </pitch>
        <duration>2</duration>
        <voice>5</voice>
        <type>eighth</type>
        <stem>up</stem>
        <staff>2</staff>
        <beam number="1">end</beam>
        </note>
      </measure>
    <measure number="22" width="189.85">
      <print new-system="yes">
        <system-layout>
          <system-margins>
            <left-margin>21.00</left-margin>
            <right-margin>0.00</right-margin>
            </system-margins>
          <system-distance>150.00</system-distance>
          </system-layout>
        <staff-layout number="2">
          <staff-distance>65.00</staff-distance>
          </staff-layout>
        </print>
      <note default-x="79.77" default-y="-10.00" dynamics="100.00">
        <pitch>
          <step>D</step>
          <octave>5</octave>
          </pitch>
        <duration>2</duration>
        <tie type="stop"/>
        <voice>1</voice>
        <type>eighth</type>
        <stem>down</stem>
        <staff>1</staff>
        <beam number="1">begin</beam>
        <notations>
          <tied type="stop"/>
          </notations>
        </note>
      <note default-x="105.57" default-y="-15.00" dynamics="100.00">
        <pitch>
          <step>C</step>
          <alter>1</alter>
          <octave>5</octave>
          </pitch>
        <duration>2</duration>
        <voice>1</voice>
        <type>eighth</type>
        <stem>down</stem>
        <staff>1</staff>
        <beam number="1">end</beam>
        </note>
      <note default-x="131.37" default-y="10.00" dynamics="100.00">
        <pitch>
          <step>A</step>
          <octave>5</octave>
          </pitch>
        <duration>2</duration>
        <voice>1</voice>
        <type>eighth</type>
        <stem>down</stem>
        <staff>1</staff>
        <beam number="1">begin</beam>
        </note>
      <note default-x="162.45" default-y="5.00" dynamics="100.00">
        <pitch>
          <step>G</step>
          <alter>1</alter>
          <octave>5</octave>
          </pitch>
        <duration>2</duration>
        <voice>1</voice>
        <type>eighth</type>
        <accidental>sharp</accidental>
        <stem>down</stem>
        <staff>1</staff>
        <beam number="1">end</beam>
        </note>
      <backup>
        <duration>8</duration>
        </backup>
      <note default-x="79.77" default-y="-155.00" dynamics="100.00">
        <pitch>
          <step>E</step>
          <octave>2</octave>
          </pitch>
        <duration>2</duration>
        <voice>5</voice>
        <type>eighth</type>
        <stem>up</stem>
        <staff>2</staff>
        <beam number="1">begin</beam>
        </note>
      <note default-x="105.57" default-y="-120.00" dynamics="100.00">
        <pitch>
          <step>E</step>
          <octave>3</octave>
          </pitch>
        <duration>2</duration>
        <voice>5</voice>
        <type>eighth</type>
        <stem>up</stem>
        <staff>2</staff>
        <beam number="1">end</beam>
        </note>
      <note default-x="131.37" default-y="-155.00" dynamics="100.00">
        <pitch>
          <step>E</step>
          <octave>2</octave>
          </pitch>
        <duration>2</duration>
        <voice>5</voice>
        <type>eighth</type>
        <stem>up</stem>
        <staff>2</staff>
        <beam number="1">begin</beam>
        </note>
      <note default-x="162.45" default-y="-120.00" dynamics="100.00">
        <pitch>
          <step>E</step>
          <octave>3</octave>
          </pitch>
        <duration>2</duration>
        <voice>5</voice>
        <type>eighth</type>
        <stem>up</stem>
        <staff>2</staff>
        <beam number="1">end</beam>
        </note>
      </measure>
    <measure number="23" width="145.93">
      <note default-x="12.00" default-y="-5.00" dynamics="100.00">
        <pitch>
          <step>E</step>
          <octave>5</octave>
          </pitch>
        <duration>2</duration>
        <voice>1</voice>
        <type>eighth</type>
        <stem>down</stem>
        <staff>1</staff>
        <beam number="1">begin</beam>
        </note>
      <note default-x="45.08" default-y="-10.00" dynamics="100.00">
        <pitch>
          <step>D</step>
          <alter>1</alter>
          <octave>5</octave>
          </pitch>
        <duration>2</duration>
        <voice>1</voice>
        <type>eighth</type>
        <accidental>sharp</accidental>
        <stem>down</stem>
        <staff>1</staff>
        <beam number="1">end</beam>
        </note>
      <note default-x="78.17" default-y="-40.00" dynamics="100.00">
        <pitch>
          <step>E</step>
          <octave>4</octave>
          </pitch>
        <duration>2</duration>
        <voice>1</voice>
        <type>eighth</type>
        <stem>up</stem>
        <staff>1</staff>
        <beam number="1">begin</beam>
        </note>
      <note default-x="111.25" default-y="-10.00" dynamics="100.00">
        <pitch>
          <step>D</step>
          <octave>5</octave>
          </pitch>
        <duration>2</duration>
        <voice>1</voice>
        <type>eighth</type>
        <accidental>natural</accidental>
        <stem>up</stem>
        <staff>1</staff>
        <beam number="1">end</beam>
        </note>
      <backup>
        <duration>8</duration>
        </backup>
      <note default-x="12.00" default-y="-155.00" dynamics="100.00">
        <pitch>
          <step>E</step>
          <octave>2</octave>
          </pitch>
        <duration>2</duration>
        <voice>5</voice>
        <type>eighth</type>
        <stem>up</stem>
        <staff>2</staff>
        <beam number="1">begin</beam>
        </note>
      <note default-x="45.08" default-y="-120.00" dynamics="100.00">
        <pitch>
          <step>E</step>
          <octave>3</octave>
          </pitch>
        <duration>2</duration>
        <voice>5</voice>
        <type>eighth</type>
        <stem>up</stem>
        <staff>2</staff>
        <beam number="1">end</beam>
        </note>
      <note default-x="78.17" default-y="-155.00" dynamics="100.00">
        <pitch>
          <step>E</step>
          <octave>2</octave>
          </pitch>
        <duration>2</duration>
        <voice>5</voice>
        <type>eighth</type>
        <stem>up</stem>
        <staff>2</staff>
        <beam number="1">begin</beam>
        </note>
      <note default-x="111.25" default-y="-120.00" dynamics="100.00">
        <pitch>
          <step>E</step>
          <octave>3</octave>
          </pitch>
        <duration>2</duration>
        <voice>5</voice>
        <type>eighth</type>
        <stem>up</stem>
        <staff>2</staff>
        <beam number="1">end</beam>
        </note>
      </measure>
    <measure number="24" width="134.58">
      <note default-x="12.00" default-y="-10.00" dynamics="100.00">
        <pitch>
          <step>D</step>
          <octave>5</octave>
          </pitch>
        <duration>2</duration>
        <voice>1</voice>
        <type>eighth</type>
        <stem>down</stem>
        <staff>1</staff>
        <beam number="1">begin</beam>
        </note>
      <note default-x="41.97" default-y="-15.00" dynamics="100.00">
        <pitch>
          <step>C</step>
          <alter>1</alter>
          <octave>5</octave>
          </pitch>
        <duration>2</duration>
        <voice>1</voice>
        <type>eighth</type>
        <stem>down</stem>
        <staff>1</staff>
        <beam number="1">end</beam>
        </note>
      <note default-x="71.93" default-y="10.00" dynamics="100.00">
        <pitch>
          <step>A</step>
          <octave>5</octave>
          </pitch>
        <duration>2</duration>
        <voice>1</voice>
        <type>eighth</type>
        <stem>down</stem>
        <staff>1</staff>
        <beam number="1">begin</beam>
        </note>
      <note default-x="103.01" default-y="5.00" dynamics="100.00">
        <pitch>
          <step>G</step>
          <alter>1</alter>
          <octave>5</octave>
          </pitch>
        <duration>2</duration>
        <voice>1</voice>
        <type>eighth</type>
        <accidental>sharp</accidental>
        <stem>down</stem>
        <staff>1</staff>
        <beam number="1">end</beam>
        </note>
      <backup>
        <duration>8</duration>
        </backup>
      <note default-x="12.00" default-y="-155.00" dynamics="100.00">
        <pitch>
          <step>E</step>
          <octave>2</octave>
          </pitch>
        <duration>2</duration>
        <voice>5</voice>
        <type>eighth</type>
        <stem>up</stem>
        <staff>2</staff>
        <beam number="1">begin</beam>
        </note>
      <note default-x="41.97" default-y="-120.00" dynamics="100.00">
        <pitch>
          <step>E</step>
          <octave>3</octave>
          </pitch>
        <duration>2</duration>
        <voice>5</voice>
        <type>eighth</type>
        <stem>up</stem>
        <staff>2</staff>
        <beam number="1">end</beam>
        </note>
      <note default-x="71.93" default-y="-155.00" dynamics="100.00">
        <pitch>
          <step>E</step>
          <octave>2</octave>
          </pitch>
        <duration>2</duration>
        <voice>5</voice>
        <type>eighth</type>
        <stem>up</stem>
        <staff>2</staff>
        <beam number="1">begin</beam>
        </note>
      <note default-x="103.01" default-y="-120.00" dynamics="100.00">
        <pitch>
          <step>E</step>
          <octave>3</octave>
          </pitch>
        <duration>2</duration>
        <voice>5</voice>
        <type>eighth</type>
        <stem>up</stem>
        <staff>2</staff>
        <beam number="1">end</beam>
        </note>
      </measure>
    <measure number="25" width="197.24">
      <note default-x="12.00" default-y="-5.00" dynamics="100.00">
        <pitch>
          <step>E</step>
          <octave>5</octave>
          </pitch>
        <duration>1</duration>
        <voice>1</voice>
        <type>16th</type>
        <stem>down</stem>
        <staff>1</staff>
        <beam number="1">begin</beam>
        <beam number="2">begin</beam>
        </note>
      <note default-x="43.08" default-y="-10.00" dynamics="100.00">
        <pitch>
          <step>D</step>
          <alter>1</alter>
          <octave>5</octave>
          </pitch>
        <duration>1</duration>
        <voice>1</voice>
        <type>16th</type>
        <accidental>sharp</accidental>
        <stem>down</stem>
        <staff>1</staff>
        <beam number="1">continue</beam>
        <beam number="2">continue</beam>
        </note>
      <note default-x="64.65" default-y="-15.00" dynamics="100.00">
        <pitch>
          <step>C</step>
          <alter>1</alter>
          <octave>5</octave>
          </pitch>
        <duration>1</duration>
        <voice>1</voice>
        <type>16th</type>
        <stem>down</stem>
        <staff>1</staff>
        <beam number="1">continue</beam>
        <beam number="2">continue</beam>
        </note>
      <note default-x="86.21" default-y="-10.00" dynamics="100.00">
        <pitch>
          <step>D</step>
          <alter>1</alter>
          <octave>5</octave>
          </pitch>
        <duration>1</duration>
        <voice>1</voice>
        <type>16th</type>
        <stem>down</stem>
        <staff>1</staff>
        <beam number="1">end</beam>
        <beam number="2">end</beam>
        </note>
      <note default-x="107.78" default-y="-5.00" dynamics="100.00">
        <pitch>
          <step>E</step>
          <octave>5</octave>
          </pitch>
        <duration>1</duration>
        <voice>1</voice>
        <type>16th</type>
        <stem>down</stem>
        <staff>1</staff>
        <beam number="1">begin</beam>
        <beam number="2">begin</beam>
        </note>
      <note default-x="129.34" default-y="-10.00" dynamics="100.00">
        <pitch>
          <step>D</step>
          <alter>1</alter>
          <octave>5</octave>
          </pitch>
        <duration>1</duration>
        <voice>1</voice>
        <type>16th</type>
        <stem>down</stem>
        <staff>1</staff>
        <beam number="1">continue</beam>
        <beam number="2">continue</beam>
        </note>
      <note default-x="150.91" default-y="-15.00" dynamics="100.00">
        <pitch>
          <step>C</step>
          <alter>1</alter>
          <octave>5</octave>
          </pitch>
        <duration>1</duration>
        <voice>1</voice>
        <type>16th</type>
        <stem>down</stem>
        <staff>1</staff>
        <beam number="1">continue</beam>
        <beam number="2">continue</beam>
        </note>
      <note default-x="172.47" default-y="-10.00" dynamics="100.00">
        <pitch>
          <step>D</step>
          <alter>1</alter>
          <octave>5</octave>
          </pitch>
        <duration>1</duration>
        <voice>1</voice>
        <type>16th</type>
        <stem>down</stem>
        <staff>1</staff>
        <beam number="1">end</beam>
        <beam number="2">end</beam>
        </note>
      <backup>
        <duration>8</duration>
        </backup>
      <note default-x="12.00" default-y="-155.00" dynamics="100.00">
        <pitch>
          <step>E</step>
          <octave>2</octave>
          </pitch>
        <duration>2</duration>
        <voice>5</voice>
        <type>eighth</type>
        <stem>up</stem>
        <staff>2</staff>
        <beam number="1">begin</beam>
        </note>
      <note default-x="64.65" default-y="-120.00" dynamics="100.00">
        <pitch>
          <step>E</step>
          <octave>3</octave>
          </pitch>
        <duration>2</duration>
        <voice>5</voice>
        <type>eighth</type>
        <stem>up</stem>
        <staff>2</staff>
        <beam number="1">end</beam>
        </note>
      <note default-x="107.78" default-y="-155.00" dynamics="100.00">
        <pitch>
          <step>E</step>
          <octave>2</octave>
          </pitch>
        <duration>2</duration>
        <voice>5</voice>
        <type>eighth</type>
        <stem>up</stem>
        <staff>2</staff>
        <beam number="1">begin</beam>
        </note>
      <note default-x="150.91" default-y="-120.00" dynamics="100.00">
        <pitch>
          <step>E</step>
          <octave>3</octave>
          </pitch>
        <duration>2</duration>
        <voice>5</voice>
        <type>eighth</type>
        <stem>up</stem>
        <staff>2</staff>
        <beam number="1">end</beam>
        </note>
      </measure>
    <measure number="26" width="134.58">
      <note default-x="12.00" default-y="-5.00" dynamics="100.00">
        <pitch>
          <step>E</step>
          <octave>5</octave>
          </pitch>
        <duration>2</duration>
        <voice>1</voice>
        <type>eighth</type>
        <stem>down</stem>
        <staff>1</staff>
        <beam number="1">begin</beam>
        </note>
      <note default-x="43.08" default-y="-30.00" dynamics="100.00">
        <pitch>
          <step>G</step>
          <alter>1</alter>
          <octave>4</octave>
          </pitch>
        <duration>2</duration>
        <voice>1</voice>
        <type>eighth</type>
        <accidental>sharp</accidental>
        <stem>down</stem>
        <staff>1</staff>
        <beam number="1">end</beam>
        </note>
      <note default-x="73.05" default-y="-25.00" dynamics="100.00">
        <pitch>
          <step>A</step>
          <octave>4</octave>
          </pitch>
        <duration>2</duration>
        <voice>1</voice>
        <type>eighth</type>
        <stem>down</stem>
        <staff>1</staff>
        <beam number="1">begin</beam>
        </note>
      <note default-x="103.01" default-y="-10.00" dynamics="100.00">
        <pitch>
          <step>D</step>
          <octave>5</octave>
          </pitch>
        <duration>2</duration>
        <voice>1</voice>
        <type>eighth</type>
        <stem>down</stem>
        <staff>1</staff>
        <beam number="1">end</beam>
        </note>
      <backup>
        <duration>8</duration>
        </backup>
      <note default-x="12.00" default-y="-155.00" dynamics="100.00">
        <pitch>
          <step>E</step>
          <octave>2</octave>
          </pitch>
        <duration>2</duration>
        <voice>5</voice>
        <type>eighth</type>
        <stem>up</stem>
        <staff>2</staff>
        <beam number="1">begin</beam>
        </note>
      <note default-x="43.08" default-y="-125.00" dynamics="100.00">
        <pitch>
          <step>D</step>
          <octave>3</octave>
          </pitch>
        <duration>2</duration>
        <voice>5</voice>
        <type>eighth</type>
        <stem>up</stem>
        <staff>2</staff>
        <beam number="1">end</beam>
        </note>
      <note default-x="73.05" default-y="-130.00" dynamics="100.00">
        <pitch>
          <step>C</step>
          <alter>1</alter>
          <octave>3</octave>
          </pitch>
        <duration>2</duration>
        <voice>5</voice>
        <type>eighth</type>
        <stem>up</stem>
        <staff>2</staff>
        <beam number="1">begin</beam>
        </note>
      <note default-x="103.01" default-y="-125.00" dynamics="100.00">
        <pitch>
          <step>D</step>
          <octave>3</octave>
          </pitch>
        <duration>2</duration>
        <voice>5</voice>
        <type>eighth</type>
        <stem>up</stem>
        <staff>2</staff>
        <beam number="1">end</beam>
        </note>
      </measure>
    <measure number="27" width="134.83">
      <note default-x="12.00" default-y="-15.00" dynamics="100.00">
        <pitch>
          <step>C</step>
          <alter>1</alter>
          <octave>5</octave>
          </pitch>
        <duration>1</duration>
        <voice>1</voice>
        <type>16th</type>
        <stem>down</stem>
        <staff>1</staff>
        <beam number="1">begin</beam>
        <beam number="2">begin</beam>
        </note>
      <note default-x="29.83" default-y="-10.00" dynamics="100.00">
        <pitch>
          <step>D</step>
          <octave>5</octave>
          </pitch>
        <duration>1</duration>
        <voice>1</voice>
        <type>16th</type>
        <stem>down</stem>
        <staff>1</staff>
        <beam number="1">continue</beam>
        <beam number="2">end</beam>
        </note>
      <note default-x="47.66" default-y="-5.00" dynamics="100.00">
        <pitch>
          <step>E</step>
          <octave>5</octave>
          </pitch>
        <duration>2</duration>
        <voice>1</voice>
        <type>eighth</type>
        <stem>down</stem>
        <staff>1</staff>
        <beam number="1">end</beam>
        </note>
      <note default-x="76.18" default-y="-25.00" dynamics="100.00">
        <pitch>
          <step>A</step>
          <octave>4</octave>
          </pitch>
        <duration>2</duration>
        <voice>1</voice>
        <type>eighth</type>
        <stem>up</stem>
        <staff>1</staff>
        <beam number="1">begin</beam>
        </note>
      <note default-x="104.70" default-y="-45.00" dynamics="100.00">
        <pitch>
          <step>D</step>
          <octave>4</octave>
          </pitch>
        <duration>2</duration>
        <voice>1</voice>
        <type>eighth</type>
        <stem>up</stem>
        <staff>1</staff>
        <beam number="1">end</beam>
        </note>
      <backup>
        <duration>8</duration>
        </backup>
      <note default-x="12.00" default-y="-120.00" dynamics="100.00">
        <pitch>
          <step>E</step>
          <octave>3</octave>
          </pitch>
        <duration>4</duration>
        <voice>5</voice>
        <type>quarter</type>
        <stem>down</stem>
        <staff>2</staff>
        </note>
      <note default-x="76.18" default-y="-140.00" dynamics="100.00">
        <pitch>
          <step>A</step>
          <octave>2</octave>
          </pitch>
        <duration>2</duration>
        <voice>5</voice>
        <type>eighth</type>
        <stem>up</stem>
        <staff>2</staff>
        <beam number="1">begin</beam>
        </note>
      <note default-x="104.70" default-y="-125.00" dynamics="100.00">
        <pitch>
          <step>D</step>
          <octave>3</octave>
          </pitch>
        <duration>2</duration>
        <voice>5</voice>
        <type>eighth</type>
        <stem>up</stem>
        <staff>2</staff>
        <beam number="1">end</beam>
        </note>
      </measure>
    <measure number="28" width="119.16">
      <note default-x="12.00" default-y="-50.00" dynamics="100.00">
        <pitch>
          <step>C</step>
          <alter>1</alter>
          <octave>4</octave>
          </pitch>
        <duration>1</duration>
        <voice>1</voice>
        <type>16th</type>
        <stem>up</stem>
        <staff>1</staff>
        <beam number="1">begin</beam>
        <beam number="2">begin</beam>
        </note>
      <note default-x="30.20" default-y="-45.00" dynamics="100.00">
        <pitch>
          <step>D</step>
          <octave>4</octave>
          </pitch>
        <duration>1</duration>
        <voice>1</voice>
        <type>16th</type>
        <stem>up</stem>
        <staff>1</staff>
        <beam number="1">continue</beam>
        <beam number="2">end</beam>
        </note>
      <note default-x="48.40" default-y="-40.00" dynamics="100.00">
        <pitch>
          <step>E</step>
          <octave>4</octave>
          </pitch>
        <duration>2</duration>
        <voice>1</voice>
        <type>eighth</type>
        <stem>up</stem>
        <staff>1</staff>
        <beam number="1">end</beam>
        </note>
      <note default-x="77.52" default-y="-60.00" dynamics="100.00">
        <pitch>
          <step>A</step>
          <octave>3</octave>
          </pitch>
        <duration>4</duration>
        <voice>1</voice>
        <type>quarter</type>
        <stem>up</stem>
        <staff>1</staff>
        </note>
      <backup>
        <duration>8</duration>
        </backup>
      <note default-x="12.00" default-y="-130.00" dynamics="100.00">
        <pitch>
          <step>C</step>
          <alter>1</alter>
          <octave>3</octave>
          </pitch>
        <duration>1</duration>
        <voice>5</voice>
        <type>16th</type>
        <stem>down</stem>
        <staff>2</staff>
        <beam number="1">begin</beam>
        <beam number="2">begin</beam>
        </note>
      <note default-x="30.20" default-y="-125.00" dynamics="100.00">
        <pitch>
          <step>D</step>
          <octave>3</octave>
          </pitch>
        <duration>1</duration>
        <voice>5</voice>
        <type>16th</type>
        <stem>down</stem>
        <staff>2</staff>
        <beam number="1">continue</beam>
        <beam number="2">end</beam>
        </note>
      <note default-x="48.40" default-y="-120.00" dynamics="100.00">
        <pitch>
          <step>E</step>
          <octave>3</octave>
          </pitch>
        <duration>2</duration>
        <voice>5</voice>
        <type>eighth</type>
        <stem>down</stem>
        <staff>2</staff>
        <beam number="1">end</beam>
        </note>
      <note default-x="77.52" default-y="-140.00" dynamics="100.00">
        <pitch>
          <step>A</step>
          <octave>2</octave>
          </pitch>
        <duration>4</duration>
        <voice>5</voice>
        <type>quarter</type>
        <stem>up</stem>
        <staff>2</staff>
        </note>
      </measure>
    </part>
  </score-partwise>
